product_code,product_name,foxpro_uom,suggested_multiple,current_enforced_multiple,historical_line_count,distinct_customer_count,cash_line_count,wholesale_line_count,quantity_distribution,divisible_percentage,recommended_action,recommended_multiple,confidence,rationale
00079,119- ASST CARTOON(10 PCS)DURGESH (1P),PKT,1,1,3,3,0,3,4(2)|20(1),100.0,RECOMMEND_APPROVE,1,MEDIUM,Historical sales across 3 customers confirm single/loose billing (100% divisible by 1). Retain approved override.
00080,120- ASST CARTOON BEN TEN(25P)AYYANAR 4P,PKT,25,1,7,7,0,7,4(7),0.0,RECOMMEND_CHANGE,4,HIGH,"Wholesale orders fail suggested multiple 25 (0.0% div), but 100% match alternate pack multiple 4 across 7 customers."
00081,121- SNAKE CARTOON(25P)SAMLL AYYANAR 4P,PKT,25,1,8,8,0,8,4(6)|8(1)|12(1),0.0,RECOMMEND_CHANGE,4,HIGH,"Wholesale orders fail suggested multiple 25 (0.0% div), but 100% match alternate pack multiple 4 across 8 customers."
00082,124- BIG NAGGOLI PANDYAN BLACK(100X1=1 B,BUNDLE,1,1,15,15,0,15,1(2)|2(5)|3(3)|5(4)|8(1),100.0,RECOMMEND_APPROVE,1,HIGH,Historical sales across 15 customers confirm single/loose billing (100% divisible by 1). Retain approved override.
00083,125- BIG NAGGOLI PANDYAN RED(100X1= 1BOX,BUNDLE,1,1,6,6,0,6,2(1)|3(2)|300(1)|420(1)|600(1),100.0,RECOMMEND_APPROVE,1,HIGH,Historical sales across 6 customers confirm single/loose billing (100% divisible by 1). Retain approved override.
00109,178- 9 CM PLAIN INDRA (10 DABBI=1BOX),BOX,10,1,5,5,0,5,10(1)|15(1)|30(1)|40(1)|50(1),80.0,RECOMMEND_CHANGE,5,HIGH,"Wholesale orders fail suggested multiple 10 (80.0% div), but 100% match alternate pack multiple 5 across 5 customers."
00110,179- 9 CM COL INDRA (10 DABBI=1BOX),BOX,10,1,4,4,0,4,10(2)|40(1)|60(1),100.0,RECOMMEND_APPROVE,10,MEDIUM,100.0% of wholesale orders across 4 customers are divisible by suggested multiple 10. Empirical sales support enforcement.
00111,180- 9 CM PLAIN CLASSIC (10DABBI=1,BOX,10,1,5,5,0,5,3(1)|5(1)|10(1)|12(1)|30(1),40.0,RECOMMEND_REJECT,1,HIGH,"Wholesale dispatches contradict multiple 10 (40.0% div; non-divisible qtys [3, 5, 12]). Product is sold loose/unconstrained."
00112,181- 9 CM COL CLASSIC (10 DABBI=1BOX),BOX,10,1,4,4,0,4,10(1)|12(1)|15(1)|30(1),50.0,RECOMMEND_REJECT,1,MEDIUM,"Wholesale dispatches contradict multiple 10 (50.0% div; non-divisible qtys [12, 15]). Product is sold loose/unconstrained."
00120,195- 10 CM SILVER DROPS SARAVANA(5P),PKT,5,1,0,0,0,0,NONE,0.0,INSUFFICIENT_HISTORY,1,NONE,Zero sales transactions in D2627. Maintain safe unconstrained ordering (enforced=1) until sales data is recorded.
00132,221- 10 CM PLAIN CLASSIC (5 P),PKT,5,1,11,11,0,11,30(1)|40(1)|50(4)|100(5),100.0,RECOMMEND_APPROVE,5,HIGH,100.0% of wholesale orders across 11 customers are divisible by suggested multiple 5. Empirical sales support enforcement.
00133,222- 10 CM COL CLASSIC (5 P),PKT,5,1,9,9,0,9,50(4)|60(1)|100(3)|150(1),100.0,RECOMMEND_APPROVE,5,HIGH,100.0% of wholesale orders across 9 customers are divisible by suggested multiple 5. Empirical sales support enforcement.
00134,223- 10 CM GREEN CLASSIC (5 P),PKT,5,1,9,9,0,9,20(1)|30(1)|40(1)|50(3)|60(1)|100(2),100.0,RECOMMEND_APPROVE,5,HIGH,100.0% of wholesale orders across 9 customers are divisible by suggested multiple 5. Empirical sales support enforcement.
00136,224- 10 CM RED CLASSIC(5 P),PKT,5,1,9,9,0,9,10(1)|20(1)|30(1)|40(2)|50(2)|60(1)|100(1),100.0,RECOMMEND_APPROVE,5,HIGH,100.0% of wholesale orders across 9 customers are divisible by suggested multiple 5. Empirical sales support enforcement.
00137,225- 10 CM 2 IN 1 CLASSIC(5 P),PKT,5,1,13,13,0,13,10(1)|20(1)|40(3)|50(2)|100(5)|300(1),100.0,RECOMMEND_APPROVE,5,HIGH,100.0% of wholesale orders across 13 customers are divisible by suggested multiple 5. Empirical sales support enforcement.
00138,226- 12 CM PLAIN LX CLASSIC (5 P),PKT,5,1,11,11,0,11,15(1)|20(1)|30(1)|40(1)|50(4)|100(2)|150(1),100.0,RECOMMEND_APPROVE,5,HIGH,100.0% of wholesale orders across 11 customers are divisible by suggested multiple 5. Empirical sales support enforcement.
00139,227- 12 CM COL LX CLASSIC (5 P),PKT,5,1,12,12,0,12,15(1)|30(2)|50(5)|100(3)|150(1),100.0,RECOMMEND_APPROVE,5,HIGH,100.0% of wholesale orders across 12 customers are divisible by suggested multiple 5. Empirical sales support enforcement.
00140,228- 12 CM PLAIN DLX CLASSIC (5 P),PKT,5,1,3,3,0,3,40(1)|50(2),100.0,RECOMMEND_APPROVE,5,MEDIUM,100.0% of wholesale orders across 3 customers are divisible by suggested multiple 5. Empirical sales support enforcement.
00142,229- 12 CM COL DLX CLASSIC (5 P),PKT,5,1,3,3,0,3,50(3),100.0,RECOMMEND_APPROVE,5,MEDIUM,100.0% of wholesale orders across 3 customers are divisible by suggested multiple 5. Empirical sales support enforcement.
00143,230- 12 CM GREEN LX CLASSIC (5 P),PKT,5,1,11,11,0,11,10(1)|20(1)|30(2)|50(5)|100(2),100.0,RECOMMEND_APPROVE,5,HIGH,100.0% of wholesale orders across 11 customers are divisible by suggested multiple 5. Empirical sales support enforcement.
00144,276- 10 CM PLAIN ASOK ( 5 P),PKT,5,1,2,2,0,2,20(2),100.0,INSUFFICIENT_HISTORY,1,LOW,"Low volume in D2627 (2 line(s), 2 customer(s)). Insufficient multi-customer history to confirm wholesale multiple; retain safe default 1."
00145,277- 10 CM COL ASOK ( 5 P),PKT,5,1,1,1,0,1,20(1),100.0,INSUFFICIENT_HISTORY,1,LOW,"Low volume in D2627 (1 line(s), 1 customer(s)). Insufficient multi-customer history to confirm wholesale multiple; retain safe default 1."
00147,278- 10 CM GREEN ASOK ( 5 P),PKT,5,1,0,0,0,0,NONE,0.0,INSUFFICIENT_HISTORY,1,NONE,Zero sales transactions in D2627. Maintain safe unconstrained ordering (enforced=1) until sales data is recorded.
00148,279- 10 CM RED ASOK ( 5 P),PKT,5,1,0,0,0,0,NONE,0.0,INSUFFICIENT_HISTORY,1,NONE,Zero sales transactions in D2627. Maintain safe unconstrained ordering (enforced=1) until sales data is recorded.
00149,280- 10 CM 4 COLOUR ASOK ( 5 P),PKT,5,1,0,0,0,0,NONE,0.0,INSUFFICIENT_HISTORY,1,NONE,Zero sales transactions in D2627. Maintain safe unconstrained ordering (enforced=1) until sales data is recorded.
00178,148- RED BIJALI ROSE (100 PCS) 10 BAGS,BAG,10,10,10,10,0,10,10(1)|40(2)|50(2)|100(4)|350(1),100.0,RECOMMEND_APPROVE,10,HIGH,Historical wholesale sales across 10 customers confirm 100% compliance with approved pack multiple 10.
00180,149- MINI RED BIJALI CAT BRAND(100 PCS),BAG,10,10,0,0,0,0,NONE,0.0,INSUFFICIENT_HISTORY,10,NONE,Zero sales transactions in D2627. Retain currently approved multiple 10 based on catalog specification; observe during seasonal peak.
00181,150- RED BIJALI AYYANAR (100 PCS) 10 BAG,BAG,10,10,7,7,0,7,10(1)|20(1)|50(3)|100(1)|200(1),100.0,RECOMMEND_APPROVE,10,HIGH,Historical wholesale sales across 7 customers confirm 100% compliance with approved pack multiple 10.
00182,151- RED BIJALI GANESH(100 PCS) 10 BAGS,BAG,10,10,0,0,0,0,NONE,0.0,INSUFFICIENT_HISTORY,10,NONE,Zero sales transactions in D2627. Retain currently approved multiple 10 based on catalog specification; observe during seasonal peak.
00183,152- RED BIJALI S.T.D.(100 PCS ) 10 BAGS,BAG,10,10,12,12,0,12,20(6)|40(3)|50(2)|60(1),100.0,RECOMMEND_APPROVE,10,HIGH,Historical wholesale sales across 12 customers confirm 100% compliance with approved pack multiple 10.
00184,153- RED BIJALI SONY (100 PCS) 10 BAGS,BAG,10,10,3,3,0,3,10(1)|30(1)|50(1),100.0,RECOMMEND_APPROVE,10,MEDIUM,Historical wholesale sales across 3 customers confirm 100% compliance with approved pack multiple 10.
00185,154- RED BIJALI VIMAL(100 P)10 BAG 1 3/4,BAG,10,10,0,0,0,0,NONE,0.0,INSUFFICIENT_HISTORY,10,NONE,Zero sales transactions in D2627. Retain currently approved multiple 10 based on catalog specification; observe during seasonal peak.
00186,290- 10 CHORASA MUNNA DURGESH(100P=1BUND,BUNDLE,1,1,7,7,0,7,1(2)|2(2)|3(1)|4(1)|5(1),100.0,RECOMMEND_APPROVE,1,HIGH,Historical sales across 7 customers confirm single/loose billing (100% divisible by 1). Retain approved override.
00187,291- 10 GAINT JAWAN GEMS (100P=1BUNDLE ),BUNDLE,1,1,2,2,0,2,1(1)|2(1),100.0,INSUFFICIENT_HISTORY,1,LOW,"Low volume in D2627 (2 lines, 2 customer). Retain approved multiple 1; observe during seasonal peak."
00223,293- 16 CHORSA B GROUP (50P= 1 BUNDEL),PKT,50,50,9,9,0,9,50(1)|100(5)|150(1)|200(2),100.0,RECOMMEND_APPROVE,50,HIGH,Historical wholesale sales across 9 customers confirm 100% compliance with approved pack multiple 50.
00224,294- 28 CHORSA K.R.K (50P= 1 BUNDEL),PKT,50,50,15,15,0,15,50(4)|100(2)|150(1)|200(5)|250(2)|300(1),100.0,RECOMMEND_APPROVE,50,HIGH,Historical wholesale sales across 15 customers confirm 100% compliance with approved pack multiple 50.
00225,295- 28 CHORSA TAJ  T/MEENA (50P= 1 BUND,PKT,50,50,3,3,0,3,50(2)|100(1),100.0,RECOMMEND_APPROVE,50,MEDIUM,Historical wholesale sales across 3 customers confirm 100% compliance with approved pack multiple 50.
00250,308- 20 DLX KING GANESH DURAI( 10 P),PKT,10,1,9,9,0,9,10(2)|20(1)|30(2)|50(1)|100(2)|150(1),100.0,RECOMMEND_APPROVE,10,HIGH,100.0% of wholesale orders across 9 customers are divisible by suggested multiple 10. Empirical sales support enforcement.
00251,309- 20 DLX BALAJI( 10 P),PKT,10,1,2,2,0,2,20(2),100.0,INSUFFICIENT_HISTORY,1,LOW,"Low volume in D2627 (2 line(s), 2 customer(s)). Insufficient multi-customer history to confirm wholesale multiple; retain safe default 1."
00252,310- 24 DLX RAGURAM ( 10 P),PKT,10,1,9,9,0,9,10(3)|20(1)|30(1)|50(1)|70(1)|100(2),100.0,RECOMMEND_APPROVE,10,HIGH,100.0% of wholesale orders across 9 customers are divisible by suggested multiple 10. Empirical sales support enforcement.
00253,311- 24 DLX GANESH DURAI( 10 P),PKT,10,1,5,5,0,5,20(1)|30(1)|50(2)|100(1),100.0,RECOMMEND_APPROVE,10,HIGH,100.0% of wholesale orders across 5 customers are divisible by suggested multiple 10. Empirical sales support enforcement.
00254,312- 24 DLX COCK (10P),BOX,10,1,1,1,0,1,30(1),100.0,INSUFFICIENT_HISTORY,1,LOW,"Low volume in D2627 (1 line(s), 1 customer(s)). Insufficient multi-customer history to confirm wholesale multiple; retain safe default 1."
00255,313- 28 DLX RAGURAM(10 P),PKT,10,1,5,5,0,5,20(2)|50(2)|100(1),100.0,RECOMMEND_APPROVE,10,HIGH,100.0% of wholesale orders across 5 customers are divisible by suggested multiple 10. Empirical sales support enforcement.
00256,314- 32 DLX KICK SHOT BALAJI( 5 P ),PKT,5,1,3,3,0,3,10(1)|20(1)|50(1),100.0,RECOMMEND_APPROVE,5,MEDIUM,100.0% of wholesale orders across 3 customers are divisible by suggested multiple 5. Empirical sales support enforcement.
00257,315- 48 DLX RAGURAM ( 5 P),PKT,5,1,4,4,0,4,10(1)|20(1)|30(1)|50(1),100.0,RECOMMEND_APPROVE,5,MEDIUM,100.0% of wholesale orders across 4 customers are divisible by suggested multiple 5. Empirical sales support enforcement.
00288,329- 2' PARROT AYYANAR (25 PCS),PKT,25,1,3,3,0,3,50(1)|75(1)|250(1),100.0,RECOMMEND_APPROVE,25,MEDIUM,100.0% of wholesale orders across 3 customers are divisible by suggested multiple 25. Empirical sales support enforcement.
00289,330- 2 3/4 KURVI DURGESH (25 PCS),PKT,25,1,7,7,0,7,75(1)|100(2)|125(2)|200(2),100.0,RECOMMEND_APPROVE,25,HIGH,100.0% of wholesale orders across 7 customers are divisible by suggested multiple 25. Empirical sales support enforcement.
00291,331- 2 3/4 KURVI VELVAN (10 PCS),PKT,10,1,5,5,0,5,50(4)|100(1),100.0,RECOMMEND_APPROVE,10,HIGH,100.0% of wholesale orders across 5 customers are divisible by suggested multiple 10. Empirical sales support enforcement.
00292,332- 2 3/4 KURVI GEMS (25 P),PKT,25,1,5,5,0,5,75(1)|100(1)|125(1)|150(1)|200(1),100.0,RECOMMEND_APPROVE,25,HIGH,100.0% of wholesale orders across 5 customers are divisible by suggested multiple 25. Empirical sales support enforcement.
00293,333- 2 3/4 GREEN PARROT PONMALAR(25 P),PKT,25,1,4,4,0,4,75(1)|100(1)|125(1)|300(1),100.0,RECOMMEND_APPROVE,25,MEDIUM,100.0% of wholesale orders across 4 customers are divisible by suggested multiple 25. Empirical sales support enforcement.
00294,334- 2 3/4 KURVI AYYANAR (25 P),PKT,25,1,2,2,0,2,250(2),100.0,INSUFFICIENT_HISTORY,1,LOW,"Low volume in D2627 (2 line(s), 2 customer(s)). Insufficient multi-customer history to confirm wholesale multiple; retain safe default 1."
00297,337- 3 1/2 BEN TEN DURGESH/JAYA (15 P),PKT,15,1,4,4,0,4,30(1)|60(3),100.0,RECOMMEND_APPROVE,15,MEDIUM,100.0% of wholesale orders across 4 customers are divisible by suggested multiple 15. Empirical sales support enforcement.
00298,338- 3 1/2 JOKER SADA BAJAJI(10 P),PKT,10,1,9,9,0,9,10(1)|30(1)|50(2)|70(1)|100(1)|150(1)|200(2),100.0,RECOMMEND_APPROVE,10,HIGH,100.0% of wholesale orders across 9 customers are divisible by suggested multiple 10. Empirical sales support enforcement.
00299,339- 3 1/2 MIX LABEL SADA AYYANAR (10 P,PKT,10,1,6,6,0,6,30(1)|50(1)|60(1)|70(2)|350(1),100.0,RECOMMEND_APPROVE,10,HIGH,100.0% of wholesale orders across 6 customers are divisible by suggested multiple 10. Empirical sales support enforcement.
00300,340- 3 1/2 GREEN PARROT PONMALAR (10 P),PKT,10,1,7,7,0,7,50(4)|70(1)|80(1)|100(1),100.0,RECOMMEND_APPROVE,10,HIGH,100.0% of wholesale orders across 7 customers are divisible by suggested multiple 10. Empirical sales support enforcement.
00301,341- 3 1/2 ELEPHANT I.N(10 P),PKT,10,1,4,4,0,4,30(2)|50(1)|100(1),100.0,RECOMMEND_APPROVE,10,MEDIUM,100.0% of wholesale orders across 4 customers are divisible by suggested multiple 10. Empirical sales support enforcement.
00325,399- 2 SOUND DHAMAKA RAJHARISH(10P),PKT,10,1,11,11,0,11,10(2)|20(1)|30(3)|50(2)|60(1)|70(1)|150(1),100.0,RECOMMEND_APPROVE,10,HIGH,100.0% of wholesale orders across 11 customers are divisible by suggested multiple 10. Empirical sales support enforcement.
00326,400- 2 SOUND DHAMAKA NM JYOTHI(10P),PKT,10,1,3,3,0,3,30(1)|50(1)|60(1),100.0,RECOMMEND_APPROVE,10,MEDIUM,100.0% of wholesale orders across 3 customers are divisible by suggested multiple 10. Empirical sales support enforcement.
00328,402- 2 SOUND DHAMAKA I.N. (10P),PKT,10,1,5,5,0,5,20(1)|30(3)|100(1),100.0,RECOMMEND_APPROVE,10,HIGH,100.0% of wholesale orders across 5 customers are divisible by suggested multiple 10. Empirical sales support enforcement.
00368,413- 2 LXM DHAMAKA GENIUS (25 P),PKT,25,1,0,0,0,0,NONE,0.0,INSUFFICIENT_HISTORY,1,NONE,Zero sales transactions in D2627. Maintain safe unconstrained ordering (enforced=1) until sales data is recorded.
00370,415- 3 1/2 LXM DHAMAKA AYYANAR (10 P),PKT,10,1,0,0,0,0,NONE,0.0,INSUFFICIENT_HISTORY,1,NONE,Zero sales transactions in D2627. Maintain safe unconstrained ordering (enforced=1) until sales data is recorded.
00371,416- 3 1/2 LXM DHAMAKA I.N(10 P),PKT,10,1,0,0,0,0,NONE,0.0,INSUFFICIENT_HISTORY,1,NONE,Zero sales transactions in D2627. Maintain safe unconstrained ordering (enforced=1) until sales data is recorded.
00372,417- 3 1/2 LXM DHAMAKA AMBIKA(10 P),PKT,10,1,1,1,0,1,100(1),100.0,INSUFFICIENT_HISTORY,1,LOW,"Low volume in D2627 (1 line(s), 1 customer(s)). Insufficient multi-customer history to confirm wholesale multiple; retain safe default 1."
00374,419- 3 1/2 LXM DHAMAKA S.T.D ( 10 P),PKT,10,1,0,0,0,0,NONE,0.0,INSUFFICIENT_HISTORY,1,NONE,Zero sales transactions in D2627. Maintain safe unconstrained ordering (enforced=1) until sales data is recorded.
00381,426- 4' LXM DHAMAKA I.N ( 10 P),PKT,10,1,0,0,0,0,NONE,0.0,INSUFFICIENT_HISTORY,1,NONE,Zero sales transactions in D2627. Maintain safe unconstrained ordering (enforced=1) until sales data is recorded.
00382,427- 4' LXM DHAMAKA AYYANAR ( 10 P),PKT,10,1,1,1,0,1,300(1),100.0,INSUFFICIENT_HISTORY,1,LOW,"Low volume in D2627 (1 line(s), 1 customer(s)). Insufficient multi-customer history to confirm wholesale multiple; retain safe default 1."
00383,428- 4' LXM DHAMAKA AYYAN ( 10 P),PKT,10,1,0,0,0,0,NONE,0.0,INSUFFICIENT_HISTORY,1,NONE,Zero sales transactions in D2627. Maintain safe unconstrained ordering (enforced=1) until sales data is recorded.
00387,432- 4' DLX LXM DHAMAKA I.N ( 10 P),PKT,10,1,2,2,0,2,30(1)|100(1),100.0,INSUFFICIENT_HISTORY,1,LOW,"Low volume in D2627 (2 line(s), 2 customer(s)). Insufficient multi-customer history to confirm wholesale multiple; retain safe default 1."
00388,433- 4' DLX BAJ DHAMAKA T/MEENA( 10 P),PKT,10,1,0,0,0,0,NONE,0.0,INSUFFICIENT_HISTORY,1,NONE,Zero sales transactions in D2627. Maintain safe unconstrained ordering (enforced=1) until sales data is recorded.
00389,434- 4' DLX LXM DHAMAKA T/MEENA( 10 P),PKT,10,1,0,0,0,0,NONE,0.0,INSUFFICIENT_HISTORY,1,NONE,Zero sales transactions in D2627. Maintain safe unconstrained ordering (enforced=1) until sales data is recorded.
00391,436- 4' DLX LXM DHAMAKA AYYANAR ( 10 P),PKT,10,1,0,0,0,0,NONE,0.0,INSUFFICIENT_HISTORY,1,NONE,Zero sales transactions in D2627. Maintain safe unconstrained ordering (enforced=1) until sales data is recorded.
00395,439- 4 DLX GOLD LXM T/MEENA ( 10 P),PKT,10,1,2,2,0,2,20(1)|250(1),100.0,INSUFFICIENT_HISTORY,1,LOW,"Low volume in D2627 (2 line(s), 2 customer(s)). Insufficient multi-customer history to confirm wholesale multiple; retain safe default 1."
00396,440- 4 DLX GOLD LXM AYYANAR( 10 P),PKT,10,1,0,0,0,0,NONE,0.0,INSUFFICIENT_HISTORY,1,NONE,Zero sales transactions in D2627. Maintain safe unconstrained ordering (enforced=1) until sales data is recorded.
00427,444- FLOWER POTS SMALL RAJLAXMI(10 P),PKT,10,1,8,8,0,8,10(2)|20(1)|30(3)|40(2),100.0,RECOMMEND_APPROVE,10,HIGH,100.0% of wholesale orders across 8 customers are divisible by suggested multiple 10. Empirical sales support enforcement.
00429,445- FLOWER POTS SMALL ARUDHARA(10 P),PKT,10,1,0,0,0,0,NONE,0.0,INSUFFICIENT_HISTORY,1,NONE,Zero sales transactions in D2627. Maintain safe unconstrained ordering (enforced=1) until sales data is recorded.
00430,446- FLOWER POTS SMALL MURCURY(10 P),PKT,10,1,0,0,0,0,NONE,0.0,INSUFFICIENT_HISTORY,1,NONE,Zero sales transactions in D2627. Maintain safe unconstrained ordering (enforced=1) until sales data is recorded.
00438,517- TRI COL FOUNTAIN RAJHARISH W (5 P),PKT,5,1,9,9,0,9,1(1)|2(3)|3(1)|5(4),44.4,RECOMMEND_REJECT,1,HIGH,"Wholesale dispatches contradict multiple 5 (44.4% div; non-divisible qtys [2, 2, 3]). Product is sold loose/unconstrained."
00440,519- TRI COL FOUNTAIN MERCURY (10 P),PKT,10,1,2,2,0,2,2(1)|5(1),0.0,RECOMMEND_REJECT,1,LOW,"Non-divisible wholesale order [5, 2] contradicts suggested pack multiple 10. Maintain safe default 1."
00441,520- TRI COL FOUNTAIN COCK (5 P),PKT,5,1,4,4,0,4,2(1)|5(2)|20(1),75.0,RECOMMEND_REJECT,1,MEDIUM,Wholesale dispatches contradict multiple 5 (75.0% div; non-divisible qtys [2]). Product is sold loose/unconstrained.
00442,521- TRI COL FOUNTAIN S.T.D (5 P),PKT,5,1,0,0,0,0,NONE,0.0,INSUFFICIENT_HISTORY,1,NONE,Zero sales transactions in D2627. Maintain safe unconstrained ordering (enforced=1) until sales data is recorded.
00443,522- TRI COL FOUNTAIN T/MEENA (5 P),PKT,5,1,9,9,0,9,2(1)|5(6)|10(2),88.9,RECOMMEND_REJECT,1,HIGH,Wholesale dispatches contradict multiple 5 (88.9% div; non-divisible qtys [2]). Product is sold loose/unconstrained.
00445,524- COL FOG FOUNTAIN S.T.D.(5 P) (2P),PKT,5,1,5,5,0,5,3(1)|4(1)|5(1)|10(2),60.0,RECOMMEND_REJECT,1,HIGH,"Wholesale dispatches contradict multiple 5 (60.0% div; non-divisible qtys [3, 4]). Product is sold loose/unconstrained."
00446,525- JET FOUNTAIN W S.T.D(5 P),PKT,5,1,5,5,0,5,2(1)|5(3)|6(1),60.0,RECOMMEND_REJECT,1,HIGH,"Wholesale dispatches contradict multiple 5 (60.0% div; non-divisible qtys [2, 6]). Product is sold loose/unconstrained."
00447,526- KIDDY'S JOY F P 5IN 1 AYYAN ( 5P),PKT,5,1,5,5,0,5,1(2)|2(3),0.0,RECOMMEND_REJECT,1,HIGH,"Wholesale dispatches contradict multiple 5 (0.0% div; non-divisible qtys [2, 2, 2]). Product is sold loose/unconstrained."
00448,527- MINI POPPERS 5 IN 1 MERCURY( 5 P ),PKT,5,1,4,4,0,4,1(2)|2(2),0.0,RECOMMEND_REJECT,1,MEDIUM,"Wholesale dispatches contradict multiple 5 (0.0% div; non-divisible qtys [2, 2, 1]). Product is sold loose/unconstrained."
00449,528- HAPPINESS F. POT 5 IN 1 S.T.D (5 P),PKT,5,1,0,0,0,0,NONE,0.0,INSUFFICIENT_HISTORY,1,NONE,Zero sales transactions in D2627. Maintain safe unconstrained ordering (enforced=1) until sales data is recorded.
00450,529- TORA TORA F. POT 5 IN 1 AYYAN( 5 P,PKT,5,1,1,1,0,1,1(1),0.0,RECOMMEND_REJECT,1,LOW,Non-divisible wholesale order [1] contradicts suggested pack multiple 5. Maintain safe default 1.
00454,533- CRACKLING FOUNTAIN SIVASAKTHI(3 P),PKT,3,1,10,10,0,10,1(1)|2(1)|3(2)|5(3)|10(2)|15(1),30.0,RECOMMEND_REJECT,1,HIGH,"Wholesale dispatches contradict multiple 3 (30.0% div; non-divisible qtys [10, 5, 10]). Product is sold loose/unconstrained."
00455,534- JADUGAR UV.BOX AYYAN (4 P )( 1 P),PKT,1,1,9,9,0,9,1(4)|2(2)|3(2)|5(1),100.0,RECOMMEND_APPROVE,1,HIGH,Historical sales across 9 customers confirm single/loose billing (100% divisible by 1). Retain approved override.
00456,535- MANORANJAN U.V.BOX AYYAN(4 P)(1P),PKT,1,1,7,7,0,7,1(3)|2(3)|3(1),100.0,RECOMMEND_APPROVE,1,HIGH,Historical sales across 7 customers confirm single/loose billing (100% divisible by 1). Retain approved override.
00460,539- GOLDEN WHISTE SMALL (2P)S.T.D,PKT,2,1,5,5,0,5,2(1)|4(1)|5(2)|10(1),60.0,RECOMMEND_REJECT,1,HIGH,"Wholesale dispatches contradict multiple 2 (60.0% div; non-divisible qtys [5, 5]). Product is sold loose/unconstrained."
00461,540- CHOTA BHAI F P MINI SIREN AYYAN(5P),PKT,5,1,8,8,0,8,3(1)|5(5)|10(2),87.5,RECOMMEND_REJECT,1,HIGH,Wholesale dispatches contradict multiple 5 (87.5% div; non-divisible qtys [3]). Product is sold loose/unconstrained.
00463,575- MAGIC WHIP S.T.D( 2 P),PKT,2,1,1,1,0,1,10(1),100.0,INSUFFICIENT_HISTORY,1,LOW,"Low volume in D2627 (1 line(s), 1 customer(s)). Insufficient multi-customer history to confirm wholesale multiple; retain safe default 1."
00491,550- SADA MATKA ANAR OTHER (100P),PCS,100,1,6,6,0,6,100(6),100.0,RECOMMEND_APPROVE,100,HIGH,100.0% of wholesale orders across 6 customers are divisible by suggested multiple 100. Empirical sales support enforcement.
00492,551- MINI PEARL GUDIYA ( 5 PCS ),BOX,5,1,1,1,0,1,5(1),100.0,INSUFFICIENT_HISTORY,1,LOW,"Low volume in D2627 (1 line(s), 1 customer(s)). Insufficient multi-customer history to confirm wholesale multiple; retain safe default 1."
00493,552- TIM TIM GUDIYA ( 5 PCS ),BOX,5,1,11,11,0,11,1(1)|3(1)|5(3)|10(5)|15(1),81.8,RECOMMEND_REJECT,1,HIGH,"Wholesale dispatches contradict multiple 5 (81.8% div; non-divisible qtys [3, 1]). Product is sold loose/unconstrained."
00494,553- LITTLE STAR ANAR GUDIYA ( 5 PCS ),BOX,5,1,13,13,0,13,2(1)|3(2)|5(9)|15(1),76.9,RECOMMEND_REJECT,1,HIGH,"Wholesale dispatches contradict multiple 5 (76.9% div; non-divisible qtys [2, 3, 3]). Product is sold loose/unconstrained."
00495,554- 2 IN 1 ANAR GUDIYA (10 PCS),BOX,10,1,4,4,0,4,2(1)|3(1)|5(2),0.0,RECOMMEND_REJECT,1,MEDIUM,"Wholesale dispatches contradict multiple 10 (0.0% div; non-divisible qtys [2, 3, 5]). Product is sold loose/unconstrained."
00496,555- GOLDEN STAR GUDIYA  ( 5PCS),BOX,5,1,4,4,0,4,1(1)|3(1)|5(2),50.0,RECOMMEND_REJECT,1,MEDIUM,"Wholesale dispatches contradict multiple 5 (50.0% div; non-divisible qtys [1, 3]). Product is sold loose/unconstrained."
00497,556- ASHARFI GUDIYA ( 5 PCS),BOX,5,1,5,5,0,5,2(2)|3(1)|4(1)|5(1),20.0,RECOMMEND_REJECT,1,HIGH,"Wholesale dispatches contradict multiple 5 (20.0% div; non-divisible qtys [2, 3, 4]). Product is sold loose/unconstrained."
00499,557- JASMINE GUDIYA ( 5PCS),BOX,5,1,5,5,0,5,2(2)|3(1)|5(2),40.0,RECOMMEND_REJECT,1,HIGH,"Wholesale dispatches contradict multiple 5 (40.0% div; non-divisible qtys [2, 2, 3]). Product is sold loose/unconstrained."
00501,558- DAZZLE GUDIYA ( 5 PCS),BOX,5,1,4,4,0,4,1(1)|2(2)|5(1),25.0,RECOMMEND_REJECT,1,MEDIUM,"Wholesale dispatches contradict multiple 5 (25.0% div; non-divisible qtys [2, 1, 2]). Product is sold loose/unconstrained."
00502,559- DELUXE GUDIYA ( 4 PCS),BOX,4,1,1,1,0,1,2(1),0.0,RECOMMEND_REJECT,1,LOW,Non-divisible wholesale order [2] contradicts suggested pack multiple 4. Maintain safe default 1.
00503,560- GIFT BOX GUDIYA ( 4 PCS),BOX,4,1,7,7,0,7,1(7),0.0,RECOMMEND_REJECT,1,HIGH,"Wholesale dispatches contradict multiple 4 (0.0% div; non-divisible qtys [1, 1, 1]). Product is sold loose/unconstrained."
00504,561- ASHARFI  GOLDEN STAR OTHER (10 PCS),BOX,10,1,0,0,0,0,NONE,0.0,INSUFFICIENT_HISTORY,1,NONE,Zero sales transactions in D2627. Maintain safe unconstrained ordering (enforced=1) until sales data is recorded.
00505,562- MUTT PUTT ANAR MERCURY ( 5 PCS ),BOX,5,1,0,0,0,0,NONE,0.0,INSUFFICIENT_HISTORY,1,NONE,Zero sales transactions in D2627. Maintain safe unconstrained ordering (enforced=1) until sales data is recorded.
00533,588- G C BIG T/MEENA( 10 P)(10P),PKT,10,1,2,2,0,2,20(1)|30(1),100.0,INSUFFICIENT_HISTORY,1,LOW,"Low volume in D2627 (2 line(s), 2 customer(s)). Insufficient multi-customer history to confirm wholesale multiple; retain safe default 1."
00534,589- G C BIG GANESH ( 10 P)(10P),PKT,10,1,2,2,0,2,10(1)|30(1),100.0,INSUFFICIENT_HISTORY,1,LOW,"Low volume in D2627 (2 line(s), 2 customer(s)). Insufficient multi-customer history to confirm wholesale multiple; retain safe default 1."
00535,590- G C BIG JENIS(10 P)(5P),PKT,10,1,5,5,0,5,3(1)|5(1)|10(2)|20(1),60.0,RECOMMEND_REJECT,1,HIGH,"Wholesale dispatches contradict multiple 10 (60.0% div; non-divisible qtys [5, 3]). Product is sold loose/unconstrained."
00536,591- G C BIG W MERCURY(10 P)(5P),PKT,10,1,3,3,0,3,10(3),100.0,RECOMMEND_APPROVE,10,MEDIUM,100.0% of wholesale orders across 3 customers are divisible by suggested multiple 10. Empirical sales support enforcement.
00537,592- G C BIG R/G S.T.D (25 P)(4P),PKT,25,1,1,1,0,1,5(1),0.0,RECOMMEND_REJECT,1,LOW,Non-divisible wholesale order [5] contradicts suggested pack multiple 25. Maintain safe default 1.
00542,645- DISCO WHEEL GAYATHRI(10 PCS),PKT,10,1,10,10,0,10,2(2)|5(3)|10(3)|20(2),50.0,RECOMMEND_REJECT,1,HIGH,"Wholesale dispatches contradict multiple 10 (50.0% div; non-divisible qtys [5, 5, 2]). Product is sold loose/unconstrained."
00543,646- DISCO WHEEL S.M.K.(10 PCS),PKT,10,1,0,0,0,0,NONE,0.0,INSUFFICIENT_HISTORY,1,NONE,Zero sales transactions in D2627. Maintain safe unconstrained ordering (enforced=1) until sales data is recorded.
00544,647- SILVER GAINT WHEEL MERCURY (10P)(2P,PKT,10,1,8,8,0,8,2(3)|4(1)|5(2)|6(1)|10(1),12.5,RECOMMEND_REJECT,1,HIGH,"Wholesale dispatches contradict multiple 10 (12.5% div; non-divisible qtys [5, 2, 2]). Product is sold loose/unconstrained."
00564,707- 18 T STAR D/VADIVEL(10P) 10 P,PKT,10,1,1,1,0,1,30(1),100.0,INSUFFICIENT_HISTORY,1,LOW,"Low volume in D2627 (1 line(s), 1 customer(s)). Insufficient multi-customer history to confirm wholesale multiple; retain safe default 1."
00565,708- 18 T STAR SRIPATHI(10P) 10 P,PKT,10,1,6,6,0,6,10(2)|20(1)|30(2)|50(1),100.0,RECOMMEND_APPROVE,10,HIGH,100.0% of wholesale orders across 6 customers are divisible by suggested multiple 10. Empirical sales support enforcement.
00566,709- 18 T STAR T/MEENA (10P) 10 P,PKT,10,1,2,2,0,2,10(1)|20(1),100.0,INSUFFICIENT_HISTORY,1,LOW,"Low volume in D2627 (2 line(s), 2 customer(s)). Insufficient multi-customer history to confirm wholesale multiple; retain safe default 1."
00567,710- 48 T STAR (10P) SRIPATHI 10 P,PKT,10,1,12,12,0,12,10(4)|20(4)|30(1)|40(1)|50(2),100.0,RECOMMEND_APPROVE,10,HIGH,100.0% of wholesale orders across 12 customers are divisible by suggested multiple 10. Empirical sales support enforcement.
00568,711- 120 T STAR S.T.D (10P) 5 P,PKT,5,1,1,1,0,1,5(1),100.0,INSUFFICIENT_HISTORY,1,LOW,"Low volume in D2627 (1 line(s), 1 customer(s)). Insufficient multi-customer history to confirm wholesale multiple; retain safe default 1."
00609,594- G C BIG VENKATESH (25 PCS) (4P),PKT,25,1,1,1,0,1,16(1),0.0,RECOMMEND_REJECT,1,LOW,Non-divisible wholesale order [16] contradicts suggested pack multiple 25. Maintain safe default 1.
00610,595- G C BIG T/MEENA (25 PCS) (W) (4P),PKT,25,1,5,5,0,5,4(1)|8(1)|12(1)|16(1)|20(1),0.0,RECOMMEND_CHANGE,4,HIGH,"Wholesale orders fail suggested multiple 25 (0.0% div), but 100% match alternate pack multiple 4 across 5 customers."
00611,596- G C BIG GANESH (25 PCS) (4P),PKT,25,1,7,7,0,7,4(3)|8(3)|16(1),0.0,RECOMMEND_CHANGE,4,HIGH,"Wholesale orders fail suggested multiple 25 (0.0% div), but 100% match alternate pack multiple 4 across 7 customers."
00614,735- BULLET BOMB MINI SRI ATHISAYA(10P),PKT,10,1,3,3,0,3,20(1)|50(1)|70(1),100.0,RECOMMEND_APPROVE,10,MEDIUM,100.0% of wholesale orders across 3 customers are divisible by suggested multiple 10. Empirical sales support enforcement.
00615,736- MINI BULLET BOMB T/MEENA(10 P)10,PKT,10,1,5,5,0,5,20(1)|30(1)|40(1)|50(1)|80(1),100.0,RECOMMEND_APPROVE,10,HIGH,100.0% of wholesale orders across 5 customers are divisible by suggested multiple 10. Empirical sales support enforcement.
00616,737- BULLET BOMB MINI SRIPATHI ( 10 P ),PKT,10,1,6,6,0,6,20(3)|40(1)|50(1)|200(1),100.0,RECOMMEND_APPROVE,10,HIGH,100.0% of wholesale orders across 6 customers are divisible by suggested multiple 10. Empirical sales support enforcement.
00617,738- BULLET BOMB MEDIUM T/MEENA( 10 P ),PKT,10,1,5,5,0,5,20(4)|50(1),100.0,RECOMMEND_APPROVE,10,HIGH,100.0% of wholesale orders across 5 customers are divisible by suggested multiple 10. Empirical sales support enforcement.
00618,739- BULLET BOMB MEDIUM APPLE( 10 P ),PKT,10,1,3,3,0,3,10(1)|50(2),100.0,RECOMMEND_APPROVE,10,MEDIUM,100.0% of wholesale orders across 3 customers are divisible by suggested multiple 10. Empirical sales support enforcement.
00619,740- SUPER BULLET BOMB AYYANAR ( 10 P ),PKT,10,1,2,2,0,2,20(2),100.0,INSUFFICIENT_HISTORY,1,LOW,"Low volume in D2627 (2 line(s), 2 customer(s)). Insufficient multi-customer history to confirm wholesale multiple; retain safe default 1."
00620,741- BULLET BOMB GANESH ( 10 P ),PKT,10,1,0,0,0,0,NONE,0.0,INSUFFICIENT_HISTORY,1,NONE,Zero sales transactions in D2627. Maintain safe unconstrained ordering (enforced=1) until sales data is recorded.
00621,742- BULLET BOMB BIG DLX T/MEENA ( 10 P,PKT,10,1,4,4,0,4,10(3)|40(1),100.0,RECOMMEND_APPROVE,10,MEDIUM,100.0% of wholesale orders across 4 customers are divisible by suggested multiple 10. Empirical sales support enforcement.
00622,743- SUPER BULLET BOMB ( 10 P ) OVEEYA,PKT,10,1,1,1,0,1,30(1),100.0,INSUFFICIENT_HISTORY,1,LOW,"Low volume in D2627 (1 line(s), 1 customer(s)). Insufficient multi-customer history to confirm wholesale multiple; retain safe default 1."
00630,751- SOLDIER BOMB GREEN W/G (10 P)V.F.I,PKT,10,1,4,4,0,4,10(1)|20(1)|30(1)|60(1),100.0,RECOMMEND_APPROVE,10,MEDIUM,100.0% of wholesale orders across 4 customers are divisible by suggested multiple 10. Empirical sales support enforcement.
00631,752- JHANSI BOMB GREEN W/F(10P)MALATI'S,PKT,10,1,0,0,0,0,NONE,0.0,INSUFFICIENT_HISTORY,1,NONE,Zero sales transactions in D2627. Maintain safe unconstrained ordering (enforced=1) until sales data is recorded.
00688,598- G C ASOKA T/MEENA (10 P),PKT,10,1,0,0,0,0,NONE,0.0,INSUFFICIENT_HISTORY,1,NONE,Zero sales transactions in D2627. Maintain safe unconstrained ordering (enforced=1) until sales data is recorded.
00691,122- RAJDHANI RAIL(10 PCS)AYYANAR (10 P),PKT,10,1,4,4,0,4,5(2)|10(1)|20(1),50.0,RECOMMEND_CHANGE,5,MEDIUM,"Wholesale orders fail suggested multiple 10 (50.0% div), but 100% match alternate pack multiple 5 across 4 customers."
00707,138- GANGA JAMUNA SRI PATHI(5P),PKT,5,1,10,10,0,10,10(6)|20(2)|30(2),100.0,RECOMMEND_APPROVE,5,HIGH,100.0% of wholesale orders across 10 customers are divisible by suggested multiple 5. Empirical sales support enforcement.
00744,541- MINI SIREM F. POT COCK ( 3 PCS ),PKT,3,1,9,9,0,9,1(2)|2(2)|3(2)|5(2)|20(1),22.2,RECOMMEND_REJECT,1,HIGH,"Wholesale dispatches contradict multiple 3 (22.2% div; non-divisible qtys [20, 5, 2]). Product is sold loose/unconstrained."
00745,542- BIG SIREM F. POT COCK ( 3 PCS ),PKT,3,1,5,5,0,5,1(3)|5(1)|10(1),0.0,RECOMMEND_REJECT,1,HIGH,"Wholesale dispatches contradict multiple 3 (0.0% div; non-divisible qtys [10, 5, 1]). Product is sold loose/unconstrained."
00758,599- G C ASOKA AYYANAR(10 P),PKT,10,1,2,2,0,2,10(1)|30(1),100.0,INSUFFICIENT_HISTORY,1,LOW,"Low volume in D2627 (2 line(s), 2 customer(s)). Insufficient multi-customer history to confirm wholesale multiple; retain safe default 1."
00761,649- SUN FLOWER WHEEL I. N (10 PCS),PKT,10,1,0,0,0,0,NONE,0.0,INSUFFICIENT_HISTORY,1,NONE,Zero sales transactions in D2627. Maintain safe unconstrained ordering (enforced=1) until sales data is recorded.
00769,600- G C ASOKA W MERCURY(10 P),PKT,10,1,5,5,0,5,10(1)|20(2)|30(1)|50(1),100.0,RECOMMEND_APPROVE,10,HIGH,100.0% of wholesale orders across 5 customers are divisible by suggested multiple 10. Empirical sales support enforcement.
00848,231- 12 CM RED LX CLASSIC (5 P),PKT,5,1,8,8,0,8,10(1)|20(1)|30(2)|50(3)|100(1),100.0,RECOMMEND_APPROVE,5,HIGH,100.0% of wholesale orders across 8 customers are divisible by suggested multiple 5. Empirical sales support enforcement.
00866,158- STRIPPED BIJALI ROSE(50 PCS)10 BAG,BAG,50,1,0,0,0,0,NONE,0.0,INSUFFICIENT_HISTORY,1,NONE,Zero sales transactions in D2627. Maintain safe unconstrained ordering (enforced=1) until sales data is recorded.
00876,601- G C ASOKA BIG SIZE GANESH(10 P),PKT,10,1,7,7,0,7,10(2)|15(1)|30(2)|40(1)|70(1),85.7,RECOMMEND_CHANGE,5,HIGH,"Wholesale orders fail suggested multiple 10 (85.7% div), but 100% match alternate pack multiple 5 across 7 customers."
00925,602- G C ASOKA S.T.D (10 P) (5P),PKT,10,1,9,9,0,9,5(3)|10(3)|20(2)|35(1),55.6,RECOMMEND_CHANGE,5,HIGH,"Wholesale orders fail suggested multiple 10 (55.6% div), but 100% match alternate pack multiple 5 across 9 customers."
01167,139- GANGA JAMUNA OVEETA(5P),PKT,5,1,7,7,0,7,5(2)|10(3)|15(1)|20(1),100.0,RECOMMEND_APPROVE,5,HIGH,100.0% of wholesale orders across 7 customers are divisible by suggested multiple 5. Empirical sales support enforcement.
01176,141- GANGA JAMUNA MERCURY( 5 P),PKT,5,1,4,3,0,4,5(1)|10(1)|20(2),100.0,RECOMMEND_APPROVE,5,MEDIUM,100.0% of wholesale orders across 3 customers are divisible by suggested multiple 5. Empirical sales support enforcement.
02042,281- 12 CM PLAIN ASOK ( 2 P),PKT,2,1,0,0,0,0,NONE,0.0,INSUFFICIENT_HISTORY,1,NONE,Zero sales transactions in D2627. Maintain safe unconstrained ordering (enforced=1) until sales data is recorded.
02081,142- MAGIC FOUNTAIN OVEEYA(10 PCS),PKT,10,1,3,3,0,3,5(2)|10(1),33.3,RECOMMEND_CHANGE,5,MEDIUM,"Wholesale orders fail suggested multiple 10 (33.3% div), but 100% match alternate pack multiple 5 across 3 customers."
02124,603- G C ASOKA SPINNER W JENIS (10 P),PKT,10,1,10,10,0,10,2(1)|5(3)|10(3)|20(2)|50(1),60.0,RECOMMEND_REJECT,1,HIGH,"Wholesale dispatches contradict multiple 10 (60.0% div; non-divisible qtys [5, 5, 2]). Product is sold loose/unconstrained."
02152,1117- RING CAPS (1OOPKT= 1 BOX)RACHNA,PKT,100,1,3,3,0,3,100(1)|150(1)|250(1),33.3,RECOMMEND_CHANGE,50,MEDIUM,"Wholesale orders fail suggested multiple 100 (33.3% div), but 100% match alternate pack multiple 50 across 3 customers."
02153,1118- RING CAPS (1OOPKT= 1 BOX) AYYAN,PKT,100,1,10,10,0,10,100(2)|150(2)|200(3)|500(2)|800(1),80.0,RECOMMEND_CHANGE,50,HIGH,"Wholesale orders fail suggested multiple 100 (80.0% div), but 100% match alternate pack multiple 50 across 10 customers."
02154,1119- RING CAPS (1OOPKT= 1 BOX)GOKUL,PKT,100,1,3,3,0,3,100(1)|200(1)|500(1),100.0,RECOMMEND_APPROVE,100,MEDIUM,100.0% of wholesale orders across 3 customers are divisible by suggested multiple 100. Empirical sales support enforcement.
02155,1120- RING CAPS (1OOPKT= 1 BOX)COCK,PKT,100,1,0,0,0,0,NONE,0.0,INSUFFICIENT_HISTORY,1,NONE,Zero sales transactions in D2627. Maintain safe unconstrained ordering (enforced=1) until sales data is recorded.
02157,1121- MISSILE SIREN(127X1)TITANIC ORIGIN,PKT,1,1,13,13,0,13,2(1)|3(1)|5(5)|10(3)|20(3),100.0,RECOMMEND_APPROVE,1,HIGH,Historical sales across 13 customers confirm single/loose billing (100% divisible by 1). Retain approved override.
02275,282- 12 CM COLOUR ASOK ( 2 P),PKT,2,1,0,0,0,0,NONE,0.0,INSUFFICIENT_HISTORY,1,NONE,Zero sales transactions in D2627. Maintain safe unconstrained ordering (enforced=1) until sales data is recorded.
02525,1087- BULLET ROCKET YUG ( 36 PCS),PCS,36,1,3,3,0,3,1(1)|2(1)|5(1),0.0,RECOMMEND_REJECT,1,MEDIUM,"Wholesale dispatches contradict multiple 36 (0.0% div; non-divisible qtys [2, 5, 1]). Product is sold loose/unconstrained."
02660,666- BABY ROCKET RAJ LAXMI (10P),PKT,10,1,9,9,0,9,10(3)|20(5)|30(1),100.0,RECOMMEND_APPROVE,10,HIGH,100.0% of wholesale orders across 9 customers are divisible by suggested multiple 10. Empirical sales support enforcement.
02665,283- 15 CM PLAIN ASOK ( 2 P),PKT,2,1,1,1,0,1,1(1),0.0,RECOMMEND_REJECT,1,LOW,Non-divisible wholesale order [1] contradicts suggested pack multiple 2. Maintain safe default 1.
02667,284- 30 CM PLAIN ASOK ( 2 P),PKT,2,1,0,0,0,0,NONE,0.0,INSUFFICIENT_HISTORY,1,NONE,Zero sales transactions in D2627. Maintain safe unconstrained ordering (enforced=1) until sales data is recorded.
02668,285- 30 CM COL ASOK ( 2 P),PKT,2,1,0,0,0,0,NONE,0.0,INSUFFICIENT_HISTORY,1,NONE,Zero sales transactions in D2627. Maintain safe unconstrained ordering (enforced=1) until sales data is recorded.
02669,567- DANCING BUTTERFLY R/G.(10P) VANAJA,PKT,10,1,12,12,0,12,5(1)|10(3)|15(1)|30(3)|40(1)|75(1)|100(2),75.0,RECOMMEND_CHANGE,5,HIGH,"Wholesale orders fail suggested multiple 10 (75.0% div), but 100% match alternate pack multiple 5 across 12 customers."
02671,569- DANCING BUTTERFLY AYYAN ( 10 P),PKT,10,1,0,0,0,0,NONE,0.0,INSUFFICIENT_HISTORY,1,NONE,Zero sales transactions in D2627. Maintain safe unconstrained ordering (enforced=1) until sales data is recorded.
02672,670- PYRO DANCE BUTTERFLY SUNSHINE( 10P),PKT,10,1,0,0,0,0,NONE,0.0,INSUFFICIENT_HISTORY,1,NONE,Zero sales transactions in D2627. Maintain safe unconstrained ordering (enforced=1) until sales data is recorded.
02673,571- COL CHAN. BUTTERFLY S.T.D (10P),PKT,10,1,0,0,0,0,NONE,0.0,INSUFFICIENT_HISTORY,1,NONE,Zero sales transactions in D2627. Maintain safe unconstrained ordering (enforced=1) until sales data is recorded.
02676,667- COLOUR ROCKET AYYANAR (10P) ),PKT,10,1,6,6,0,6,10(3)|20(2)|30(1),100.0,RECOMMEND_APPROVE,10,HIGH,100.0% of wholesale orders across 6 customers are divisible by suggested multiple 10. Empirical sales support enforcement.
02677,668- RAINBOW ROCKET S.T.D (10P),PKT,10,1,0,0,0,0,NONE,0.0,INSUFFICIENT_HISTORY,1,NONE,Zero sales transactions in D2627. Maintain safe unconstrained ordering (enforced=1) until sales data is recorded.
02679,670- ROCKET BOMB (10P) 5P N.M.JYOTHI,PKT,5,1,0,0,0,0,NONE,0.0,INSUFFICIENT_HISTORY,1,NONE,Zero sales transactions in D2627. Maintain safe unconstrained ordering (enforced=1) until sales data is recorded.
02680,671- ROCKET BOMB (10P) 5P AYYANAR,PKT,5,1,11,11,0,11,10(7)|20(2)|50(2),100.0,RECOMMEND_APPROVE,5,HIGH,100.0% of wholesale orders across 11 customers are divisible by suggested multiple 5. Empirical sales support enforcement.
02681,672- ROCKET BOMB (10P) 5P GANESH,PKT,5,1,9,9,0,9,10(2)|20(2)|30(2)|40(2)|80(1),100.0,RECOMMEND_APPROVE,5,HIGH,100.0% of wholesale orders across 9 customers are divisible by suggested multiple 5. Empirical sales support enforcement.
02710,197- 30 CM GREEN SARAVANA (2 P),PKT,2,1,1,1,0,1,50(1),100.0,INSUFFICIENT_HISTORY,1,LOW,"Low volume in D2627 (1 line(s), 1 customer(s)). Insufficient multi-customer history to confirm wholesale multiple; retain safe default 1."
02711,198- 30 CM RED SARAVANA (2 P),PKT,2,1,0,0,0,0,NONE,0.0,INSUFFICIENT_HISTORY,1,NONE,Zero sales transactions in D2627. Maintain safe unconstrained ordering (enforced=1) until sales data is recorded.
02756,606- G C SPL (10 P) VENKATESH,PKT,10,1,8,8,0,8,20(2)|30(2)|40(1)|50(2)|60(1),100.0,RECOMMEND_APPROVE,10,HIGH,100.0% of wholesale orders across 8 customers are divisible by suggested multiple 10. Empirical sales support enforcement.
02765,232- 12 CM 2 IN 1 CLASSIC(5 P),PKT,5,1,13,13,0,13,10(1)|20(2)|30(2)|50(4)|80(1)|100(3),100.0,RECOMMEND_APPROVE,5,HIGH,100.0% of wholesale orders across 13 customers are divisible by suggested multiple 5. Empirical sales support enforcement.
02832,182- 9 CM 2 IN 1 CLASSIC(10DABBI=1BOX),BOX,10,1,4,4,0,4,2(1)|3(1)|5(1)|15(1),0.0,RECOMMEND_REJECT,1,MEDIUM,"Wholesale dispatches contradict multiple 10 (0.0% div; non-divisible qtys [3, 5, 15]). Product is sold loose/unconstrained."
02841,233- 12 CM 4 IN 1 LX CLASSIC (5 P),PKT,5,1,2,2,0,2,50(1)|80(1),100.0,INSUFFICIENT_HISTORY,1,LOW,"Low volume in D2627 (2 line(s), 2 customer(s)). Insufficient multi-customer history to confirm wholesale multiple; retain safe default 1."
02852,607- G C SPL (10 P) T/MEENA,PKT,10,1,7,7,0,7,10(1)|20(4)|30(1)|40(1),100.0,RECOMMEND_APPROVE,10,HIGH,100.0% of wholesale orders across 7 customers are divisible by suggested multiple 10. Empirical sales support enforcement.
02885,580- SKY SCRAPPER DRONE MERCURY ( 5 P ),PCS,5,1,1,1,0,1,10(1),100.0,INSUFFICIENT_HISTORY,1,LOW,"Low volume in D2627 (1 line(s), 1 customer(s)). Insufficient multi-customer history to confirm wholesale multiple; retain safe default 1."
02897,"W 2 1/2"" F. PIPE(3 PCS)AYYANAR",PKT,3,1,3,2,0,3,5(1)|10(2),0.0,RECOMMEND_CHANGE,5,MEDIUM,"Wholesale orders fail suggested multiple 3 (0.0% div), but 100% match alternate pack multiple 5 across 2 customers."
02905,W 1000 LAR (600 COUNTING) S.K.M,PKT,1,1,2,2,0,2,5(1)|6(1),100.0,INSUFFICIENT_HISTORY,1,LOW,"Low volume in D2627 (2 lines, 2 customer). Retain approved multiple 1; observe during seasonal peak."
03088,114- R & G MATCH BOX SHANTHI(600DABBA),BUNDLE,1,1,7,7,0,7,1(6)|2(1),100.0,RECOMMEND_APPROVE,1,HIGH,Historical sales across 7 customers confirm single/loose billing (100% divisible by 1). Retain approved override.
03089,183- 7 CM PLAIN M.R.P. (10 DABBI=1BOX),BOX,10,1,3,3,0,3,5(1)|20(1)|30(1),66.7,RECOMMEND_CHANGE,5,MEDIUM,"Wholesale orders fail suggested multiple 10 (66.7% div), but 100% match alternate pack multiple 5 across 3 customers."
03090,184- 7 CM COL SARAVANA(10 DABBI=1BOX),BOX,10,1,3,3,0,3,5(1)|10(1)|20(1),66.7,RECOMMEND_CHANGE,5,MEDIUM,"Wholesale orders fail suggested multiple 10 (66.7% div), but 100% match alternate pack multiple 5 across 3 customers."
03091,185- 7 CM GREEN SARAVANA (10 DABBI=1BOX,BOX,10,1,2,2,0,2,5(2),0.0,RECOMMEND_REJECT,1,LOW,"Non-divisible wholesale order [5, 5] contradicts suggested pack multiple 10. Maintain safe default 1."
03092,186- 7 CM RED M.R.P. (10 DABBI=1BOX,BOX,10,1,0,0,0,0,NONE,0.0,INSUFFICIENT_HISTORY,1,NONE,Zero sales transactions in D2627. Maintain safe unconstrained ordering (enforced=1) until sales data is recorded.
03093,187- 7 CM COL VASANTHA(10 DABBI=1BOX),BOX,10,1,1,1,0,1,5(1),0.0,RECOMMEND_REJECT,1,LOW,Non-divisible wholesale order [5] contradicts suggested pack multiple 10. Maintain safe default 1.
03094,188- 7 CM PLAIN GOLD S.T.D(10DABBI=1BOX,BOX,10,1,0,0,0,0,NONE,0.0,INSUFFICIENT_HISTORY,1,NONE,Zero sales transactions in D2627. Maintain safe unconstrained ordering (enforced=1) until sales data is recorded.
03097,235- 15 CM PLAIN AB MAGIC CLASSIC (5 P),PKT,5,1,18,17,0,18,10(1)|20(1)|30(2)|40(1)|50(4)|60(2)|80(1)|100(4)|180(2),100.0,RECOMMEND_APPROVE,5,HIGH,100.0% of wholesale orders across 17 customers are divisible by suggested multiple 5. Empirical sales support enforcement.
03098,236- 15 CM PLAIN DLX CLASSIC(5 P),PKT,5,1,6,6,0,6,30(2)|45(1)|50(3),100.0,RECOMMEND_APPROVE,5,HIGH,100.0% of wholesale orders across 6 customers are divisible by suggested multiple 5. Empirical sales support enforcement.
03099,237- 15 CM PLAIN BOXE(2P CELLEPHO CLASSI,PKT,2,1,3,3,0,3,10(1)|20(1)|30(1),100.0,RECOMMEND_APPROVE,2,MEDIUM,100.0% of wholesale orders across 3 customers are divisible by suggested multiple 2. Empirical sales support enforcement.
03100,238- 15 CM COL AB MAGIC CLASSIC (5 P),PKT,5,1,12,11,0,12,20(1)|30(1)|40(1)|50(2)|60(2)|70(1)|80(1)|100(2)|180(1),100.0,RECOMMEND_APPROVE,5,HIGH,100.0% of wholesale orders across 11 customers are divisible by suggested multiple 5. Empirical sales support enforcement.
03101,239- 15 CM COL DLX CLASSIC (5 P),PKT,5,1,3,3,0,3,30(2)|50(1),100.0,RECOMMEND_APPROVE,5,MEDIUM,100.0% of wholesale orders across 3 customers are divisible by suggested multiple 5. Empirical sales support enforcement.
03102,240- 15 CM COL BOXE(2P CELLEPHONE)CLASSI,PKT,2,1,2,2,0,2,20(1)|30(1),100.0,INSUFFICIENT_HISTORY,1,LOW,"Low volume in D2627 (2 line(s), 2 customer(s)). Insufficient multi-customer history to confirm wholesale multiple; retain safe default 1."
03103,241- 15 CM GREEN CLASSIC (5 P),PKT,5,1,16,15,0,16,10(2)|20(1)|30(1)|45(1)|50(4)|60(1)|80(1)|100(3)|180(2),100.0,RECOMMEND_APPROVE,5,HIGH,100.0% of wholesale orders across 15 customers are divisible by suggested multiple 5. Empirical sales support enforcement.
03104,242- 15 CM RED CLASSIC  (5 P),PKT,5,1,11,11,0,11,10(1)|20(1)|30(2)|45(1)|50(4)|80(1)|100(1),100.0,RECOMMEND_APPROVE,5,HIGH,100.0% of wholesale orders across 11 customers are divisible by suggested multiple 5. Empirical sales support enforcement.
03105,243- 15 CM 2 IN 1 CLASSIC (5 P),PKT,5,1,15,15,0,15,5(1)|10(1)|20(1)|30(3)|50(5)|90(1)|100(2)|180(1),100.0,RECOMMEND_APPROVE,5,HIGH,100.0% of wholesale orders across 15 customers are divisible by suggested multiple 5. Empirical sales support enforcement.
03107,245- 15 CM 2IN1 BOXE(2P CELLEPHON CLASSI,PKT,2,1,1,1,0,1,45(1),0.0,RECOMMEND_REJECT,1,LOW,Non-divisible wholesale order [45] contradicts suggested pack multiple 2. Maintain safe default 1.
03110,248- 30 CM PLAIN AB MAGIC CLASSIC (5 P),PKT,5,1,15,15,0,15,10(3)|20(1)|30(1)|40(1)|50(5)|100(3)|180(1),100.0,RECOMMEND_APPROVE,5,HIGH,100.0% of wholesale orders across 15 customers are divisible by suggested multiple 5. Empirical sales support enforcement.
03111,249- 30 CM PLAIN DLX CLASSIC (5 P),PKT,5,1,2,2,0,2,30(1)|50(1),100.0,INSUFFICIENT_HISTORY,1,LOW,"Low volume in D2627 (2 line(s), 2 customer(s)). Insufficient multi-customer history to confirm wholesale multiple; retain safe default 1."
03112,250- 30 CM PLAIN BOXE(2P CELLEPHO CLASSI,PKT,2,1,1,1,0,1,40(1),100.0,INSUFFICIENT_HISTORY,1,LOW,"Low volume in D2627 (1 line(s), 1 customer(s)). Insufficient multi-customer history to confirm wholesale multiple; retain safe default 1."
03175,581- SUPER DRONE W AYYAN( 5 PCS),PKT,5,1,3,3,0,3,2(1)|3(1)|10(1),33.3,RECOMMEND_REJECT,1,MEDIUM,"Wholesale dispatches contradict multiple 5 (33.3% div; non-divisible qtys [2, 3]). Product is sold loose/unconstrained."
03176,582- HELICOPTER AYYAN ( 5PCS),PKT,5,1,9,9,0,9,2(2)|3(1)|5(1)|10(2)|15(1)|20(1)|30(1),66.7,RECOMMEND_REJECT,1,HIGH,"Wholesale dispatches contradict multiple 5 (66.7% div; non-divisible qtys [3, 2, 2]). Product is sold loose/unconstrained."
03177,583- HELICOPTER R. KRISHNA.( 5PCS),PKT,5,1,10,10,0,10,2(2)|3(1)|5(3)|10(3)|30(1),70.0,RECOMMEND_REJECT,1,HIGH,"Wholesale dispatches contradict multiple 5 (70.0% div; non-divisible qtys [3, 2, 2]). Product is sold loose/unconstrained."
03179,585- HELICOPTER ANIL( 5PCS),PKT,5,1,0,0,0,0,NONE,0.0,INSUFFICIENT_HISTORY,1,NONE,Zero sales transactions in D2627. Maintain safe unconstrained ordering (enforced=1) until sales data is recorded.
03180,586- HELICOPTER SUNSHINE( 10 PCS),PKT,10,1,0,0,0,0,NONE,0.0,INSUFFICIENT_HISTORY,1,NONE,Zero sales transactions in D2627. Maintain safe unconstrained ordering (enforced=1) until sales data is recorded.
03208,608- G C SPL (10 P) GANESH,PKT,10,1,3,3,0,3,20(2)|30(1),100.0,RECOMMEND_APPROVE,10,MEDIUM,100.0% of wholesale orders across 3 customers are divisible by suggested multiple 10. Empirical sales support enforcement.
03212,612- G C SPL W (10 P) I.N,PKT,10,1,2,2,0,2,10(1)|20(1),100.0,INSUFFICIENT_HISTORY,1,LOW,"Low volume in D2627 (2 line(s), 2 customer(s)). Insufficient multi-customer history to confirm wholesale multiple; retain safe default 1."
03213,613- G C SPL (10 P) (5 P) SUNSHINE,PKT,10,1,0,0,0,0,NONE,0.0,INSUFFICIENT_HISTORY,1,NONE,Zero sales transactions in D2627. Maintain safe unconstrained ordering (enforced=1) until sales data is recorded.
03214,614- 45 CM G C SPL (10 P) COCK,PKT,10,1,8,8,0,8,5(1)|10(4)|20(2)|60(1),87.5,RECOMMEND_CHANGE,5,HIGH,"Wholesale orders fail suggested multiple 10 (87.5% div), but 100% match alternate pack multiple 5 across 8 customers."
03216,696- WHISTLING ROCKET K.M.RAJA(10P)2P,PKT,2,1,5,5,0,5,3(1)|4(1)|6(3),80.0,RECOMMEND_REJECT,1,HIGH,Wholesale dispatches contradict multiple 2 (80.0% div; non-divisible qtys [3]). Product is sold loose/unconstrained.
03218,698- WHISTLING ROCKET MERCURY(10P)2P-,PKT,2,1,2,2,0,2,4(2),100.0,INSUFFICIENT_HISTORY,1,LOW,"Low volume in D2627 (2 line(s), 2 customer(s)). Insufficient multi-customer history to confirm wholesale multiple; retain safe default 1."
03219,699- WHISTLING ROCKET ANIL(10P)2P-,PKT,2,1,0,0,0,0,NONE,0.0,INSUFFICIENT_HISTORY,1,NONE,Zero sales transactions in D2627. Maintain safe unconstrained ordering (enforced=1) until sales data is recorded.
03220,700- SILVER JET ROCKET S.T.D (10 P) 2 P,PKT,2,1,2,2,0,2,2(2),100.0,INSUFFICIENT_HISTORY,1,LOW,"Low volume in D2627 (2 line(s), 2 customer(s)). Insufficient multi-customer history to confirm wholesale multiple; retain safe default 1."
03221,701- ROHINI ROCKET S.T.D (10 P) 2 P,PKT,2,1,2,2,0,2,2(1)|4(1),100.0,INSUFFICIENT_HISTORY,1,LOW,"Low volume in D2627 (2 line(s), 2 customer(s)). Insufficient multi-customer history to confirm wholesale multiple; retain safe default 1."
03222,702- MULTI COLOUR ROCKET MERCURY ( 6PCS),PKT,6,1,7,7,0,7,6(5)|10(2),71.4,RECOMMEND_CHANGE,2,HIGH,"Wholesale orders fail suggested multiple 6 (71.4% div), but 100% match alternate pack multiple 2 across 7 customers."
03225,705- PARACHUTE ROCKET AYYAN (4 P) 2 P,PKT,2,1,3,3,0,3,1(1)|2(1)|4(1),66.7,RECOMMEND_REJECT,1,MEDIUM,Wholesale dispatches contradict multiple 2 (66.7% div; non-divisible qtys [1]). Product is sold loose/unconstrained.
03226,706- PARACHUTE ROCKET S.T.D ( 5 PCS) 1,PKT,5,1,0,0,0,0,NONE,0.0,INSUFFICIENT_HISTORY,1,NONE,Zero sales transactions in D2627. Maintain safe unconstrained ordering (enforced=1) until sales data is recorded.
03229,719- 7 CM PENCIL VIRBALAJI ( 10 P ) 10 P,PKT,10,1,0,0,0,0,NONE,0.0,INSUFFICIENT_HISTORY,1,NONE,Zero sales transactions in D2627. Maintain safe unconstrained ordering (enforced=1) until sales data is recorded.
03230,720- 7 CM PENCIL T/MEENA ( 10 P ) 10 P,PKT,10,1,0,0,0,0,NONE,0.0,INSUFFICIENT_HISTORY,1,NONE,Zero sales transactions in D2627. Maintain safe unconstrained ordering (enforced=1) until sales data is recorded.
03231,721- 10 CM PENCIL VIRBALAJI ( 10 P ) 10,PKT,10,1,3,3,0,3,10(3),100.0,RECOMMEND_APPROVE,10,MEDIUM,100.0% of wholesale orders across 3 customers are divisible by suggested multiple 10. Empirical sales support enforcement.
03232,722- 10 CM PENCIL T/MEENA ( 10 P ) 10 P,PKT,10,1,1,1,0,1,10(1),100.0,INSUFFICIENT_HISTORY,1,LOW,"Low volume in D2627 (1 line(s), 1 customer(s)). Insufficient multi-customer history to confirm wholesale multiple; retain safe default 1."
03233,723- 12 CM PENCIL VIRBALAJI ( 10 P ),PKT,10,1,1,1,0,1,10(1),100.0,INSUFFICIENT_HISTORY,1,LOW,"Low volume in D2627 (1 line(s), 1 customer(s)). Insufficient multi-customer history to confirm wholesale multiple; retain safe default 1."
03265,753- L. B. BOMB GREEN W/F (10 P) B.F.W.,PKT,10,1,3,3,0,3,10(2)|25(1),66.7,RECOMMEND_CHANGE,5,MEDIUM,"Wholesale orders fail suggested multiple 10 (66.7% div), but 100% match alternate pack multiple 5 across 3 customers."
03266,754- LALKAR BOMB GREEN W/F(10 P) B.F.W,PKT,10,1,7,7,0,7,10(1)|30(2)|50(3)|200(1),100.0,RECOMMEND_APPROVE,10,HIGH,100.0% of wholesale orders across 7 customers are divisible by suggested multiple 10. Empirical sales support enforcement.
03267,755- LALKAR BOMB FOIL W/F(10 P) B.F.W,PKT,10,1,0,0,0,0,NONE,0.0,INSUFFICIENT_HISTORY,1,NONE,Zero sales transactions in D2627. Maintain safe unconstrained ordering (enforced=1) until sales data is recorded.
03272,760- THUNDER BOMB GREEN (10 P) S.T.D,PKT,10,1,3,3,0,3,5(2)|10(1),33.3,RECOMMEND_CHANGE,5,MEDIUM,"Wholesale orders fail suggested multiple 10 (33.3% div), but 100% match alternate pack multiple 5 across 3 customers."
03275,763- V.I.P BOMB GREEN S.Q (6 P) SHAKTI,PKT,6,1,1,1,0,1,20(1),0.0,RECOMMEND_REJECT,1,LOW,Non-divisible wholesale order [20] contradicts suggested pack multiple 6. Maintain safe default 1.
04005,841- 7 SHOTS OTHER(5 PCS) (5P),BOX,5,1,12,12,0,12,2(1)|3(1)|5(3)|10(4)|15(1)|20(1)|30(1),83.3,RECOMMEND_REJECT,1,HIGH,"Wholesale dispatches contradict multiple 5 (83.3% div; non-divisible qtys [3, 2]). Product is sold loose/unconstrained."
04006,842- 7 SHOTS J.K (5 PCS) (5P),BOX,5,1,0,0,0,0,NONE,0.0,INSUFFICIENT_HISTORY,1,NONE,Zero sales transactions in D2627. Maintain safe unconstrained ordering (enforced=1) until sales data is recorded.
04007,843- 7 SHOTS MERCURY (5 PCS) (5P),BOX,5,1,10,10,0,10,2(1)|3(1)|5(5)|10(2)|15(1),80.0,RECOMMEND_REJECT,1,HIGH,"Wholesale dispatches contradict multiple 5 (80.0% div; non-divisible qtys [3, 2]). Product is sold loose/unconstrained."
04008,844- 7 SHOTS I.N (5 PCS) (5P),BOX,5,1,3,3,0,3,2(1)|5(2),66.7,RECOMMEND_REJECT,1,MEDIUM,Wholesale dispatches contradict multiple 5 (66.7% div; non-divisible qtys [2]). Product is sold loose/unconstrained.
04009,845- 7 SHOTS ANIL (5 PCS) (5P),BOX,5,1,1,1,0,1,2(1),0.0,RECOMMEND_REJECT,1,LOW,Non-divisible wholesale order [2] contradicts suggested pack multiple 5. Maintain safe default 1.
04012,848- 7 SHOTS OTHER (10 PCS),BOX,10,1,0,0,0,0,NONE,0.0,INSUFFICIENT_HISTORY,1,NONE,Zero sales transactions in D2627. Maintain safe unconstrained ordering (enforced=1) until sales data is recorded.
04014,850- 7 SHOTS I. N.(10 PCS,BOX,10,1,2,2,0,2,5(2),0.0,RECOMMEND_REJECT,1,LOW,"Non-divisible wholesale order [5, 5] contradicts suggested pack multiple 10. Maintain safe default 1."
04015,851- 7 SHOTS MERCURY(10 PCS),BOX,10,1,5,5,0,5,2(1)|3(3)|10(1),20.0,RECOMMEND_REJECT,1,HIGH,"Wholesale dispatches contradict multiple 10 (20.0% div; non-divisible qtys [3, 3, 3]). Product is sold loose/unconstrained."
04016,852- 7 SHOTS SIGNAL ROCKET COCK(15 PCS),BOX,15,1,0,0,0,0,NONE,0.0,INSUFFICIENT_HISTORY,1,NONE,Zero sales transactions in D2627. Maintain safe unconstrained ordering (enforced=1) until sales data is recorded.
04028,1060- COL SMOKE DHUA 5COL(5P)SUP.KING,PKT,5,1,11,11,1,10,2(2)|3(1)|5(3)|10(2)|15(1)|54(1),60.0,RECOMMEND_REJECT,1,HIGH,"Wholesale dispatches contradict multiple 5 (60.0% div; non-divisible qtys [2, 3, 54]). Product is sold loose/unconstrained."
04042,1079- DHAGA (80 DABBI) INDIA,PKT,1,1,6,6,0,6,80(5)|320(1),100.0,RECOMMEND_CHANGE,80,HIGH,"Current overlay enforces 1 (assuming bundle billing), but billing UOM is PKT and 100% of wholesale orders across 6 customers are in multiples of 80 packets (₹480/bundle). Recommend changing pack multiple to 80."
04045,1088- YOGESH BLACK GUN REX ( 12 PCS),PKT,12,1,2,2,0,2,12(1)|36(1),100.0,INSUFFICIENT_HISTORY,1,LOW,"Low volume in D2627 (2 line(s), 2 customer(s)). Insufficient multi-customer history to confirm wholesale multiple; retain safe default 1."
04046,1089- TOM COLOUR YUG ( 12 PCS ),PCS,12,1,0,0,0,0,NONE,0.0,INSUFFICIENT_HISTORY,1,NONE,Zero sales transactions in D2627. Maintain safe unconstrained ordering (enforced=1) until sales data is recorded.
04047,1090- V-30 COLOUR VISHNU (12 PCS),PCS,12,1,0,0,0,0,NONE,0.0,INSUFFICIENT_HISTORY,1,NONE,Zero sales transactions in D2627. Maintain safe unconstrained ordering (enforced=1) until sales data is recorded.
04048,1091- ROBOT BLACK S-61 SOM (12 PCS),PCS,12,1,6,6,0,6,12(1)|24(2)|48(1)|60(2),100.0,RECOMMEND_APPROVE,12,HIGH,100.0% of wholesale orders across 6 customers are divisible by suggested multiple 12. Empirical sales support enforcement.
04049,1092- V-301 COLOUR VISHNU ( 10 PCS),PCS,10,1,0,0,0,0,NONE,0.0,INSUFFICIENT_HISTORY,1,NONE,Zero sales transactions in D2627. Maintain safe unconstrained ordering (enforced=1) until sales data is recorded.
04050,1093- V-35 BLACK VISHNU(10 PCS),PCS,10,1,1,1,0,1,48(1),0.0,RECOMMEND_REJECT,1,LOW,Non-divisible wholesale order [48] contradicts suggested pack multiple 10. Maintain safe default 1.
04051,1094- 86 BLACK SOM(12 PCS),PCS,12,1,3,3,0,3,12(2)|24(1),100.0,RECOMMEND_APPROVE,12,MEDIUM,100.0% of wholesale orders across 3 customers are divisible by suggested multiple 12. Empirical sales support enforcement.
04052,1095- 86 COLOUR SOM (12 PCS),PCS,12,1,5,5,0,5,12(1)|24(3)|36(1),100.0,RECOMMEND_APPROVE,12,HIGH,100.0% of wholesale orders across 5 customers are divisible by suggested multiple 12. Empirical sales support enforcement.
04053,1096- NICE BLACK SOM(12 PCS),PCS,12,1,6,6,0,6,12(2)|24(3)|36(1),100.0,RECOMMEND_APPROVE,12,HIGH,100.0% of wholesale orders across 6 customers are divisible by suggested multiple 12. Empirical sales support enforcement.
04054,1097- NICE COLOUR SOM (12 PCS),PCS,12,1,6,6,0,6,24(4)|36(1)|60(1),100.0,RECOMMEND_APPROVE,12,HIGH,100.0% of wholesale orders across 6 customers are divisible by suggested multiple 12. Empirical sales support enforcement.
04055,1098- VATMAN BLACK SOM (12 PCS),PCS,12,1,9,9,0,9,10(1)|12(3)|24(2)|36(2)|60(1),88.9,RECOMMEND_CHANGE,2,HIGH,"Wholesale orders fail suggested multiple 12 (88.9% div), but 100% match alternate pack multiple 2 across 9 customers."
04056,1099- VATMAN COLOUR SOM (12 PCS),PCS,12,1,7,7,0,7,12(2)|24(5),100.0,RECOMMEND_APPROVE,12,HIGH,100.0% of wholesale orders across 7 customers are divisible by suggested multiple 12. Empirical sales support enforcement.
04057,1100- DOLPHIN BLACK SOM(6 PCS),PCS,6,1,4,4,0,4,6(1)|12(2)|24(1),100.0,RECOMMEND_APPROVE,6,MEDIUM,100.0% of wholesale orders across 4 customers are divisible by suggested multiple 6. Empirical sales support enforcement.
04058,1101- DOLPHIN COLOUR SOM (6 PCS),PCS,6,1,8,8,0,8,12(2)|24(5)|36(1),100.0,RECOMMEND_APPROVE,6,HIGH,100.0% of wholesale orders across 8 customers are divisible by suggested multiple 6. Empirical sales support enforcement.
04059,1102- TIGER BLACK SOM(12 PCS),PCS,12,1,4,4,0,4,2(1)|3(1)|6(1)|10(1),0.0,RECOMMEND_REJECT,1,MEDIUM,"Wholesale dispatches contradict multiple 12 (0.0% div; non-divisible qtys [6, 2, 3]). Product is sold loose/unconstrained."
04060,1103- TIGER COLOUR SOM (12 PCS),PCS,12,1,2,2,0,2,2(1)|10(1),0.0,RECOMMEND_REJECT,1,LOW,"Non-divisible wholesale order [2, 10] contradicts suggested pack multiple 12. Maintain safe default 1."
04062,1105- SPIDER BLACK SOM ( 3 PCS),PCS,3,1,3,3,0,3,2(1)|6(2),66.7,RECOMMEND_CHANGE,2,MEDIUM,"Wholesale orders fail suggested multiple 3 (66.7% div), but 100% match alternate pack multiple 2 across 3 customers."
04063,1106- SPIDER COLOUR SOM  ( 3 PCS),PCS,3,1,2,2,0,2,2(1)|6(1),50.0,RECOMMEND_REJECT,1,LOW,Non-divisible wholesale order [2] contradicts suggested pack multiple 3. Maintain safe default 1.
04064,1107- CAMANDO BLACK SOM ( 3 PCS),PCS,3,1,2,2,0,2,2(2),0.0,RECOMMEND_REJECT,1,LOW,"Non-divisible wholesale order [2, 2] contradicts suggested pack multiple 3. Maintain safe default 1."
04065,1108- CAMANDO COLOUR SOM ( 3 PCS),PCS,3,1,2,2,0,2,2(2),0.0,RECOMMEND_REJECT,1,LOW,"Non-divisible wholesale order [2, 2] contradicts suggested pack multiple 3. Maintain safe default 1."
04094,1084- PATANG BALLOON (10 P) KING'S,BOX,10,1,8,8,0,8,20(1)|30(1)|40(1)|50(2)|100(1)|150(1)|160(1),100.0,RECOMMEND_APPROVE,10,HIGH,100.0% of wholesale orders across 8 customers are divisible by suggested multiple 10. Empirical sales support enforcement.
04192,115- R & G MATCH BOX RAYAL(600 DABBA),BUNDLE,1,1,0,0,0,0,NONE,0.0,INSUFFICIENT_HISTORY,1,NONE,Zero sales transactions in D2627. Retain currently approved multiple 1 based on catalog specification; observe during seasonal peak.
04194,117- GEM MEGA ( 10 PKT ) 3 COL SHANTHI,PKT,10,1,6,6,0,6,2(4)|3(2),0.0,RECOMMEND_REJECT,1,HIGH,"Wholesale dispatches contradict multiple 10 (0.0% div; non-divisible qtys [3, 2, 3]). Product is sold loose/unconstrained."
04195,118- WONDER CRACKLING ( 10 PCS) SHANTHI,PKT,10,1,0,0,0,0,NONE,0.0,INSUFFICIENT_HISTORY,1,NONE,Zero sales transactions in D2627. Maintain safe unconstrained ordering (enforced=1) until sales data is recorded.
04207,189- 7 CM COL GOLD S.T.D(10DABBI=1BOX),BOX,10,1,1,1,0,1,3(1),0.0,RECOMMEND_REJECT,1,LOW,Non-divisible wholesale order [3] contradicts suggested pack multiple 10. Maintain safe default 1.
04236,213- 12 CM 5 IN 1 (5 PKT) CHANDRA,PKT,5,1,6,6,0,6,1(1)|2(1)|5(2)|10(1)|20(1),66.7,RECOMMEND_REJECT,1,HIGH,"Wholesale dispatches contradict multiple 5 (66.7% div; non-divisible qtys [2, 1]). Product is sold loose/unconstrained."
04239,216- 15 CM  50 X 50 (5 PCS)CHANDRA,PKT,5,1,1,1,0,1,10(1),100.0,INSUFFICIENT_HISTORY,1,LOW,"Low volume in D2627 (1 line(s), 1 customer(s)). Insufficient multi-customer history to confirm wholesale multiple; retain safe default 1."
04246,251- 30 CM COL AB MAGIC CLASSIC (5 P),PKT,5,1,10,10,0,10,10(3)|30(1)|50(4)|100(2),100.0,RECOMMEND_APPROVE,5,HIGH,100.0% of wholesale orders across 10 customers are divisible by suggested multiple 5. Empirical sales support enforcement.
04247,252- 30 CM COL DLX CLASSIC (5 P),PKT,5,1,7,7,0,7,10(2)|30(2)|50(2)|100(1),100.0,RECOMMEND_APPROVE,5,HIGH,100.0% of wholesale orders across 7 customers are divisible by suggested multiple 5. Empirical sales support enforcement.
04248,253- 30 CM COL BOXE(2P CELLEPHON CLASSIC,PKT,2,1,1,1,0,1,40(1),100.0,INSUFFICIENT_HISTORY,1,LOW,"Low volume in D2627 (1 line(s), 1 customer(s)). Insufficient multi-customer history to confirm wholesale multiple; retain safe default 1."
04249,254- 30 CM GREEN CLASSIC (5 P),PKT,5,1,10,10,0,10,10(1)|20(1)|50(6)|100(1)|180(1),100.0,RECOMMEND_APPROVE,5,HIGH,100.0% of wholesale orders across 10 customers are divisible by suggested multiple 5. Empirical sales support enforcement.
04251,256- 30 CM RED CLASSIC (5 P),PKT,5,1,8,8,0,8,10(1)|40(1)|50(4)|100(1)|200(1),100.0,RECOMMEND_APPROVE,5,HIGH,100.0% of wholesale orders across 8 customers are divisible by suggested multiple 5. Empirical sales support enforcement.
04253,258- 30 CM 2 IN 1 CLASSIC (5 P),PKT,5,1,9,9,0,9,10(1)|30(2)|50(4)|100(2),100.0,RECOMMEND_APPROVE,5,HIGH,100.0% of wholesale orders across 9 customers are divisible by suggested multiple 5. Empirical sales support enforcement.
04254,259- 30 CM 2 IN 1 BOXE(2P CELLEPHO CLASS,PKT,2,1,0,0,0,0,NONE,0.0,INSUFFICIENT_HISTORY,1,NONE,Zero sales transactions in D2627. Maintain safe unconstrained ordering (enforced=1) until sales data is recorded.
04301,159- STRIPPED BIJALI MERCURY(50PCS)10BAG,BAG,10,10,5,5,0,5,50(3)|100(2),100.0,RECOMMEND_APPROVE,10,HIGH,Historical wholesale sales across 5 customers confirm 100% compliance with approved pack multiple 10.
04302,160- STRIPPED BIJALI ROSE(100PCS)10BAG,BAG,10,10,2,2,0,2,100(1)|350(1),100.0,INSUFFICIENT_HISTORY,10,LOW,"Low volume in D2627 (2 lines, 2 customer). Retain approved multiple 10; observe during seasonal peak."
04303,161- STRIPPED BIJALI AYYANAR(100PCS)10BA,BAG,10,10,7,7,0,7,20(1)|30(1)|50(2)|60(1)|100(2),100.0,RECOMMEND_APPROVE,10,HIGH,Historical wholesale sales across 7 customers confirm 100% compliance with approved pack multiple 10.
04305,163- STRIPPED BIJALI GAINT S.T.D(100PCS),BAG,10,10,3,3,0,3,10(1)|20(1)|50(1),100.0,RECOMMEND_APPROVE,10,MEDIUM,Historical wholesale sales across 3 customers confirm 100% compliance with approved pack multiple 10.
04306,164- STRIPPED BIJALI S.T.D(100PCS)10,BAG,10,10,1,1,0,1,50(1),100.0,INSUFFICIENT_HISTORY,10,LOW,"Low volume in D2627 (1 lines, 1 customer). Retain approved multiple 10; observe during seasonal peak."
04309,167- GOLD BIJALI A.G.S (50 PCS),BAG,50,1,11,11,0,11,20(1)|30(1)|40(1)|50(4)|100(2)|150(1)|400(1),72.7,RECOMMEND_CHANGE,10,HIGH,"Wholesale orders fail suggested multiple 50 (72.7% div), but 100% match alternate pack multiple 10 across 11 customers."
04310,168- GOLD BIJALI COCK (50 PCS),BAG,50,1,0,0,0,0,NONE,0.0,INSUFFICIENT_HISTORY,1,NONE,Zero sales transactions in D2627. Maintain safe unconstrained ordering (enforced=1) until sales data is recorded.
04311,169- GOLD BIJALI OTHER (100 PCS),BAG,100,1,7,7,0,7,50(2)|100(1)|200(3)|300(1),71.4,RECOMMEND_CHANGE,50,HIGH,"Wholesale orders fail suggested multiple 100 (71.4% div), but 100% match alternate pack multiple 50 across 7 customers."
04312,170- GOLD BIJALI A.G.S(100 PCS),BAG,100,1,6,6,0,6,20(1)|30(1)|100(2)|160(1)|200(1),50.0,RECOMMEND_CHANGE,10,HIGH,"Wholesale orders fail suggested multiple 100 (50.0% div), but 100% match alternate pack multiple 10 across 6 customers."
04313,171- GOLD BIJALI GIANT OVEEYA(100 PCS),BAG,100,1,2,2,0,2,30(1)|100(1),50.0,RECOMMEND_REJECT,1,LOW,Non-divisible wholesale order [30] contradicts suggested pack multiple 100. Maintain safe default 1.
04314,172- GOLD BIJALI APPLE(100 PCS),BAG,100,1,2,2,0,2,30(1)|120(1),0.0,RECOMMEND_REJECT,1,LOW,"Non-divisible wholesale order [120, 30] contradicts suggested pack multiple 100. Maintain safe default 1."
04315,173- GOLD BIJALI SRIPATHI(100 PCS),BAG,100,1,3,3,0,3,30(1)|50(1)|100(1),33.3,RECOMMEND_CHANGE,10,MEDIUM,"Wholesale orders fail suggested multiple 100 (33.3% div), but 100% match alternate pack multiple 10 across 3 customers."
04316,174- GOLD BIJALI AYYANAR(100 PCS),BAG,100,1,3,3,0,3,30(1)|100(2),66.7,RECOMMEND_CHANGE,10,MEDIUM,"Wholesale orders fail suggested multiple 100 (66.7% div), but 100% match alternate pack multiple 10 across 3 customers."
04317,175- GOLD BIJALI COCK(100 PCS ),BAG,100,1,4,4,0,4,30(1)|250(2)|400(1),25.0,RECOMMEND_CHANGE,10,MEDIUM,"Wholesale orders fail suggested multiple 100 (25.0% div), but 100% match alternate pack multiple 10 across 4 customers."
04341,296- 28 CHORSA TURKEY  RAJLAXMI(50P= 1 B,PKT,50,1,3,3,0,3,50(1)|100(1)|250(1),100.0,RECOMMEND_APPROVE,50,MEDIUM,100.0% of wholesale orders across 3 customers are divisible by suggested multiple 50. Empirical sales support enforcement.
04342,297- 28 CHORSA (25PCS) VELVAN,PKT,25,1,2,2,0,2,25(1)|50(1),100.0,INSUFFICIENT_HISTORY,1,LOW,"Low volume in D2627 (2 line(s), 2 customer(s)). Insufficient multi-customer history to confirm wholesale multiple; retain safe default 1."
04343,298- 32 CHORSA MIX RED-GOA SUN(50P=1BUND,PKT,50,1,1,1,0,1,50(1),100.0,INSUFFICIENT_HISTORY,1,LOW,"Low volume in D2627 (1 line(s), 1 customer(s)). Insufficient multi-customer history to confirm wholesale multiple; retain safe default 1."
04346,301- 28 GAINT CHORSA (25 P) K.R.K,PKT,25,1,9,9,0,9,25(2)|50(1)|100(2)|125(1)|150(1)|200(1)|250(1),100.0,RECOMMEND_APPROVE,25,HIGH,100.0% of wholesale orders across 9 customers are divisible by suggested multiple 25. Empirical sales support enforcement.
04347,302- 28 GAINT CHORSA (25 P) AJITKUMAR,PKT,25,1,2,2,0,2,25(1)|50(1),100.0,INSUFFICIENT_HISTORY,1,LOW,"Low volume in D2627 (2 line(s), 2 customer(s)). Insufficient multi-customer history to confirm wholesale multiple; retain safe default 1."
04348,303- 28 GAINT CHORSA (25 P) SELVI,PKT,25,1,7,7,0,7,25(1)|50(3)|100(1)|200(1)|375(1),100.0,RECOMMEND_APPROVE,25,HIGH,100.0% of wholesale orders across 7 customers are divisible by suggested multiple 25. Empirical sales support enforcement.
04349,304- 28 GAINT CHORSA (25 P)DURGESH,PKT,25,1,0,0,0,0,NONE,0.0,INSUFFICIENT_HISTORY,1,NONE,Zero sales transactions in D2627. Maintain safe unconstrained ordering (enforced=1) until sales data is recorded.
04350,305- 28 SUP GAINT CHORSA N.M.JYOTHI(25P),PKT,25,1,0,0,0,0,NONE,0.0,INSUFFICIENT_HISTORY,1,NONE,Zero sales transactions in D2627. Maintain safe unconstrained ordering (enforced=1) until sales data is recorded.
04351,316- 50 DLX RAGURAM ( 5 P),PKT,5,1,8,8,0,8,10(1)|15(1)|20(1)|30(2)|50(2)|100(1),100.0,RECOMMEND_APPROVE,5,HIGH,100.0% of wholesale orders across 8 customers are divisible by suggested multiple 5. Empirical sales support enforcement.
04352,317- 50 DLX GANESH DURAI( 5 P),PKT,5,1,0,0,0,0,NONE,0.0,INSUFFICIENT_HISTORY,1,NONE,Zero sales transactions in D2627. Maintain safe unconstrained ordering (enforced=1) until sales data is recorded.
04370,342- 3 1/2 GREEN PARROT W/F VELVAN (10 P,PKT,10,1,10,10,0,10,10(1)|20(1)|50(3)|100(3)|150(1)|200(1),100.0,RECOMMEND_APPROVE,10,HIGH,100.0% of wholesale orders across 10 customers are divisible by suggested multiple 10. Empirical sales support enforcement.
04371,343- 3 1/2  PEACOCK 9 CM  S.T.D( 10 P,PKT,10,1,1,1,0,1,30(1),100.0,INSUFFICIENT_HISTORY,1,LOW,"Low volume in D2627 (1 line(s), 1 customer(s)). Insufficient multi-customer history to confirm wholesale multiple; retain safe default 1."
04372,344- 3 1/2 DLX KURVI GANESH (10 P),PKT,10,1,0,0,0,0,NONE,0.0,INSUFFICIENT_HISTORY,1,NONE,Zero sales transactions in D2627. Maintain safe unconstrained ordering (enforced=1) until sales data is recorded.
04373,345- 3 1/2 GREEN PARROT W/F B.F.W (10 P),PKT,10,1,0,0,0,0,NONE,0.0,INSUFFICIENT_HISTORY,1,NONE,Zero sales transactions in D2627. Maintain safe unconstrained ordering (enforced=1) until sales data is recorded.
04374,346- 3 1/2 JAWAN AYYAN (10 P),PKT,10,1,0,0,0,0,NONE,0.0,INSUFFICIENT_HISTORY,1,NONE,Zero sales transactions in D2627. Maintain safe unconstrained ordering (enforced=1) until sales data is recorded.
04377,349- 4  MIX LABEL DURGESH (10 P),PKT,10,1,1,1,0,1,50(1),100.0,INSUFFICIENT_HISTORY,1,LOW,"Low volume in D2627 (1 line(s), 1 customer(s)). Insufficient multi-customer history to confirm wholesale multiple; retain safe default 1."
04378,350- 4 GREEN PARROT SADA VELAVAN(10 PCS),PKT,10,1,8,8,0,8,10(1)|50(3)|70(1)|100(2)|150(1),100.0,RECOMMEND_APPROVE,10,HIGH,100.0% of wholesale orders across 8 customers are divisible by suggested multiple 10. Empirical sales support enforcement.
04379,351- 4 GREEN PARROT SRIPATHI (10 P),PKT,10,1,1,1,0,1,50(1),100.0,INSUFFICIENT_HISTORY,1,LOW,"Low volume in D2627 (1 line(s), 1 customer(s)). Insufficient multi-customer history to confirm wholesale multiple; retain safe default 1."
04380,352- 4  LADY T/MEENA  (10 P),PKT,10,1,1,1,0,1,70(1),100.0,INSUFFICIENT_HISTORY,1,LOW,"Low volume in D2627 (1 line(s), 1 customer(s)). Insufficient multi-customer history to confirm wholesale multiple; retain safe default 1."
04381,353- 4 MICKEY MOUSE BALAJI( 10 P),PKT,10,1,3,3,0,3,50(1)|70(1)|300(1),100.0,RECOMMEND_APPROVE,10,MEDIUM,100.0% of wholesale orders across 3 customers are divisible by suggested multiple 10. Empirical sales support enforcement.
04382,354- 4 GREEN PARROT VELAVAN (10 P) W/F,PKT,10,1,11,11,0,11,10(1)|30(1)|40(2)|50(1)|100(5)|150(1),100.0,RECOMMEND_APPROVE,10,HIGH,100.0% of wholesale orders across 11 customers are divisible by suggested multiple 10. Empirical sales support enforcement.
04383,355- 4 ELEPHANT I.N (10 P),PKT,10,1,3,3,0,3,30(1)|50(1)|60(1),100.0,RECOMMEND_APPROVE,10,MEDIUM,100.0% of wholesale orders across 3 customers are divisible by suggested multiple 10. Empirical sales support enforcement.
04384,356- 4 GREEN PARROT SADA PONMALAR(10P),PKT,10,1,6,6,0,6,30(1)|50(3)|100(1)|120(1),100.0,RECOMMEND_APPROVE,10,HIGH,100.0% of wholesale orders across 6 customers are divisible by suggested multiple 10. Empirical sales support enforcement.
04385,357- 4  MIX LABEL AYYANAR (10 P),PKT,10,1,3,3,0,3,30(2)|200(1),100.0,RECOMMEND_APPROVE,10,MEDIUM,100.0% of wholesale orders across 3 customers are divisible by suggested multiple 10. Empirical sales support enforcement.
04386,358- 4 PARROT COCK (10 P),PKT,10,1,5,5,0,5,40(1)|50(2)|100(1)|150(1),100.0,RECOMMEND_APPROVE,10,HIGH,100.0% of wholesale orders across 5 customers are divisible by suggested multiple 10. Empirical sales support enforcement.
04387,359- 4 GREEN PARROT W/F V.F.I(10 P),PKT,10,1,2,2,0,2,40(1)|50(1),100.0,INSUFFICIENT_HISTORY,1,LOW,"Low volume in D2627 (2 line(s), 2 customer(s)). Insufficient multi-customer history to confirm wholesale multiple; retain safe default 1."
04388,360- 4 KING AYYAN (10 P),PKT,10,1,1,1,0,1,100(1),100.0,INSUFFICIENT_HISTORY,1,LOW,"Low volume in D2627 (1 line(s), 1 customer(s)). Insufficient multi-customer history to confirm wholesale multiple; retain safe default 1."
04389,361- 10 CM PEACOCK COLF S.T.D( 10 P),PKT,10,1,0,0,0,0,NONE,0.0,INSUFFICIENT_HISTORY,1,NONE,Zero sales transactions in D2627. Maintain safe unconstrained ordering (enforced=1) until sales data is recorded.
04390,362- 4 GREEN PARROT W/F B.F.W (10 P),PKT,10,1,2,2,0,2,20(2),100.0,INSUFFICIENT_HISTORY,1,LOW,"Low volume in D2627 (2 line(s), 2 customer(s)). Insufficient multi-customer history to confirm wholesale multiple; retain safe default 1."
04400,372- 4 DLX PARROT W/F ( 10 P)VELAVAN,PKT,10,1,12,12,0,12,30(5)|40(1)|50(1)|70(1)|100(4),100.0,RECOMMEND_APPROVE,10,HIGH,100.0% of wholesale orders across 12 customers are divisible by suggested multiple 10. Empirical sales support enforcement.
04405,377- 4 SUP DLX MIX LABEL(10P)AYYANAR,PKT,10,1,8,8,0,8,20(2)|50(3)|70(2)|100(1),100.0,RECOMMEND_APPROVE,10,HIGH,100.0% of wholesale orders across 8 customers are divisible by suggested multiple 10. Empirical sales support enforcement.
04411,383- 5 DLX JALLIKATTI DURGESH (10P),PKT,10,1,4,4,0,4,30(1)|40(1)|60(1)|100(1),100.0,RECOMMEND_APPROVE,10,MEDIUM,100.0% of wholesale orders across 4 customers are divisible by suggested multiple 10. Empirical sales support enforcement.
04413,385- 5 DLX  ELEPHANT(10P) JAYMURGAN,PKT,10,1,2,2,0,2,50(2),100.0,INSUFFICIENT_HISTORY,1,LOW,"Low volume in D2627 (2 line(s), 2 customer(s)). Insufficient multi-customer history to confirm wholesale multiple; retain safe default 1."
04423,395- 4 SUP DLX GOLD KARUDA (10P) AYYANAR,PKT,10,1,2,2,0,2,25(1)|50(1),50.0,RECOMMEND_REJECT,1,LOW,Non-divisible wholesale order [25] contradicts suggested pack multiple 10. Maintain safe default 1.
04424,396- 4 SUP DLX GOLD ELEPHANT (10P)I.N,PKT,10,1,0,0,0,0,NONE,0.0,INSUFFICIENT_HISTORY,1,NONE,Zero sales transactions in D2627. Maintain safe unconstrained ordering (enforced=1) until sales data is recorded.
04428,403- 2 SOUND DHAMAKA ANIL (10P),PKT,10,1,1,1,0,1,100(1),100.0,INSUFFICIENT_HISTORY,1,LOW,"Low volume in D2627 (1 line(s), 1 customer(s)). Insufficient multi-customer history to confirm wholesale multiple; retain safe default 1."
04429,404- 2 SOUND DHAMAKA S.T.D (10P),PKT,10,1,0,0,0,0,NONE,0.0,INSUFFICIENT_HISTORY,1,NONE,Zero sales transactions in D2627. Maintain safe unconstrained ordering (enforced=1) until sales data is recorded.
04430,405- 2 SOUND DHAMAKA MERCURY (10P),PKT,10,1,0,0,0,0,NONE,0.0,INSUFFICIENT_HISTORY,1,NONE,Zero sales transactions in D2627. Maintain safe unconstrained ordering (enforced=1) until sales data is recorded.
04433,408- 3 SOUND DHAMAKA NM JYOTHI(10P),PKT,10,1,0,0,0,0,NONE,0.0,INSUFFICIENT_HISTORY,1,NONE,Zero sales transactions in D2627. Maintain safe unconstrained ordering (enforced=1) until sales data is recorded.
04434,409- 3 SOUND DHAMAKA RATHANAA(10P),PKT,10,1,11,11,0,11,10(2)|20(1)|30(5)|50(1)|60(1)|150(1),100.0,RECOMMEND_APPROVE,10,HIGH,100.0% of wholesale orders across 11 customers are divisible by suggested multiple 10. Empirical sales support enforcement.
04435,410- 3 SOUND DHAMAKA I.N. (10P),PKT,10,1,0,0,0,0,NONE,0.0,INSUFFICIENT_HISTORY,1,NONE,Zero sales transactions in D2627. Maintain safe unconstrained ordering (enforced=1) until sales data is recorded.
04508,500- FLOWER POTS DLX (10 P) OVEEYA,PKT,10,1,6,6,0,6,4(1)|5(3)|10(2),33.3,RECOMMEND_REJECT,1,HIGH,"Wholesale dispatches contradict multiple 10 (33.3% div; non-divisible qtys [4, 5, 5]). Product is sold loose/unconstrained."
04509,501- FLOWER POTS DLX (10 P) GOVINDA,PKT,10,1,7,7,0,7,2(1)|3(1)|5(3)|10(2),28.6,RECOMMEND_REJECT,1,HIGH,"Wholesale dispatches contradict multiple 10 (28.6% div; non-divisible qtys [5, 3, 5]). Product is sold loose/unconstrained."
04510,502- FLOWER POTS COL KOTI DLX(10P)ANIL,PKT,10,1,0,0,0,0,NONE,0.0,INSUFFICIENT_HISTORY,1,NONE,Zero sales transactions in D2627. Maintain safe unconstrained ordering (enforced=1) until sales data is recorded.
04511,503- FLOWER POTS DLX COL KOTI(10P)SONNY,PKT,10,1,4,4,0,4,2(1)|4(1)|5(2),0.0,RECOMMEND_REJECT,1,MEDIUM,"Wholesale dispatches contradict multiple 10 (0.0% div; non-divisible qtys [5, 4, 5]). Product is sold loose/unconstrained."
04512,504- FLOWER POTS DLX COL KOTI (10 P)I.N,PKT,10,1,3,3,0,3,3(2)|5(1),0.0,RECOMMEND_REJECT,1,MEDIUM,"Wholesale dispatches contradict multiple 10 (0.0% div; non-divisible qtys [5, 3, 3]). Product is sold loose/unconstrained."
04513,505- FLOWER POTS MEGA DLX (10 P)MERCURY,PKT,10,1,6,6,0,6,2(2)|5(4),0.0,RECOMMEND_REJECT,1,HIGH,"Wholesale dispatches contradict multiple 10 (0.0% div; non-divisible qtys [2, 2, 5]). Product is sold loose/unconstrained."
04514,506- F P MEGA DLX  (10 P) VIRABALAJI,PKT,10,1,15,15,0,15,1(4)|2(7)|5(4),0.0,RECOMMEND_REJECT,1,HIGH,"Wholesale dispatches contradict multiple 10 (0.0% div; non-divisible qtys [5, 5, 2]). Product is sold loose/unconstrained."
04518,510- FLOWER POT DLX (5 PCS )GOVINDA,PKT,5,1,16,16,0,16,2(1)|4(1)|5(6)|10(5)|15(1)|20(1)|30(1),87.5,RECOMMEND_REJECT,1,HIGH,"Wholesale dispatches contradict multiple 5 (87.5% div; non-divisible qtys [4, 2]). Product is sold loose/unconstrained."
04519,511- FLOWER POT DLX (5 PCS )MERCURY,PKT,5,1,3,3,0,3,3(1)|5(2),66.7,RECOMMEND_REJECT,1,MEDIUM,Wholesale dispatches contradict multiple 5 (66.7% div; non-divisible qtys [3]). Product is sold loose/unconstrained.
04520,512- FLOWER POT DLX (5 PCS )S.T.D,PKT,5,1,8,8,0,8,1(1)|2(2)|3(4)|5(1),12.5,RECOMMEND_REJECT,1,HIGH,"Wholesale dispatches contradict multiple 5 (12.5% div; non-divisible qtys [1, 2, 2]). Product is sold loose/unconstrained."
04563,563- OMG POTS ANAR MERCURY ( 5 PCS ),BOX,5,1,0,0,0,0,NONE,0.0,INSUFFICIENT_HISTORY,1,NONE,Zero sales transactions in D2627. Maintain safe unconstrained ordering (enforced=1) until sales data is recorded.
04564,564- CROWN JEWEL'S ANAR MERCURY( 5 PCS),BOX,5,1,0,0,0,0,NONE,0.0,INSUFFICIENT_HISTORY,1,NONE,Zero sales transactions in D2627. Maintain safe unconstrained ordering (enforced=1) until sales data is recorded.
04574,615- G C SPL (10 P) (5 P) S.T.D,PKT,10,1,2,2,0,2,5(1)|10(1),50.0,RECOMMEND_REJECT,1,LOW,Non-divisible wholesale order [5] contradicts suggested pack multiple 10. Maintain safe default 1.
04576,617- G C SPL SPINNER WHEEL(10P) AYYANAR,PKT,10,1,17,17,0,17,4(1)|5(1)|10(2)|20(5)|25(1)|30(5)|40(1)|60(1),82.4,RECOMMEND_REJECT,1,HIGH,"Wholesale dispatches contradict multiple 10 (82.4% div; non-divisible qtys [25, 5, 4]). Product is sold loose/unconstrained."
04580,621- G C DLX  (10 P) 5 P VENKATESH,PKT,5,1,2,2,0,2,20(2),100.0,INSUFFICIENT_HISTORY,1,LOW,"Low volume in D2627 (2 line(s), 2 customer(s)). Insufficient multi-customer history to confirm wholesale multiple; retain safe default 1."
04581,622- G C DLX  (10 P) 5 P T/MEENA,PKT,5,1,8,8,0,8,5(1)|10(2)|20(3)|30(2),100.0,RECOMMEND_APPROVE,5,HIGH,100.0% of wholesale orders across 8 customers are divisible by suggested multiple 5. Empirical sales support enforcement.
04583,624- G C DLX  (10 P) 5 P MERCURY,PKT,5,1,7,7,0,7,10(1)|20(4)|30(2),100.0,RECOMMEND_APPROVE,5,HIGH,100.0% of wholesale orders across 7 customers are divisible by suggested multiple 5. Empirical sales support enforcement.
04584,625- G C DLX  (10 P) 5 P COLOUR W JENIS,PKT,5,1,7,7,0,7,10(4)|20(2)|25(1),100.0,RECOMMEND_APPROVE,5,HIGH,100.0% of wholesale orders across 7 customers are divisible by suggested multiple 5. Empirical sales support enforcement.
04585,626- G C DLX  W (10 P) 5 P I.N,PKT,5,1,3,3,0,3,10(1)|20(2),100.0,RECOMMEND_APPROVE,5,MEDIUM,100.0% of wholesale orders across 3 customers are divisible by suggested multiple 5. Empirical sales support enforcement.
04586,627- G C DLX  (10 P) 5 P GANESH,PKT,5,1,7,7,0,7,5(1)|10(1)|15(2)|20(3),100.0,RECOMMEND_APPROVE,5,HIGH,100.0% of wholesale orders across 7 customers are divisible by suggested multiple 5. Empirical sales support enforcement.
04587,628- G C DLX  (10 P) 5 P ANIL,PKT,5,1,1,1,0,1,15(1),100.0,INSUFFICIENT_HISTORY,1,LOW,"Low volume in D2627 (1 line(s), 1 customer(s)). Insufficient multi-customer history to confirm wholesale multiple; retain safe default 1."
04588,629- G C DLX  (10 P) 5 P SUNSHINE,PKT,5,1,0,0,0,0,NONE,0.0,INSUFFICIENT_HISTORY,1,NONE,Zero sales transactions in D2627. Maintain safe unconstrained ordering (enforced=1) until sales data is recorded.
04589,630- G C DLX  (10 P) 5 P S.T.D,PKT,5,1,6,6,0,6,5(2)|10(2)|15(1)|20(1),100.0,RECOMMEND_APPROVE,5,HIGH,100.0% of wholesale orders across 6 customers are divisible by suggested multiple 5. Empirical sales support enforcement.
04590,631- 70 CM G C DLX  (10 P) 5 P COCK,PKT,5,1,12,11,0,12,5(3)|10(5)|20(2)|40(1)|60(1),100.0,RECOMMEND_APPROVE,5,HIGH,100.0% of wholesale orders across 11 customers are divisible by suggested multiple 5. Empirical sales support enforcement.
04592,633- G C DLX  U.V. BOX (10 P) 5 P I.N,PKT,5,1,4,4,0,4,5(2)|10(2),100.0,RECOMMEND_APPROVE,5,MEDIUM,100.0% of wholesale orders across 4 customers are divisible by suggested multiple 5. Empirical sales support enforcement.
04593,634- G C DLX  PLASTIC (10 P) 5 P JAGUAR,PKT,5,1,2,2,0,2,5(1)|10(1),100.0,INSUFFICIENT_HISTORY,1,LOW,"Low volume in D2627 (2 line(s), 2 customer(s)). Insufficient multi-customer history to confirm wholesale multiple; retain safe default 1."
04595,636- G C DLX SPINNER ( 10 P )AYYANAR,PKT,10,1,7,7,0,7,10(4)|20(3),100.0,RECOMMEND_APPROVE,10,HIGH,100.0% of wholesale orders across 7 customers are divisible by suggested multiple 10. Empirical sales support enforcement.
04596,637- G C DLX  SPINNER(10P) 5P CORONATION,PKT,5,1,5,5,0,5,5(3)|10(1)|20(1),100.0,RECOMMEND_APPROVE,5,HIGH,100.0% of wholesale orders across 5 customers are divisible by suggested multiple 5. Empirical sales support enforcement.
04600,641- G C SUP DLX  (10 P) 5 P MERCURY,PKT,5,1,2,2,0,2,5(1)|10(1),100.0,INSUFFICIENT_HISTORY,1,LOW,"Low volume in D2627 (2 line(s), 2 customer(s)). Insufficient multi-customer history to confirm wholesale multiple; retain safe default 1."
04601,642- G C SUP DLX  (10 P) 5 P S.T.D,PKT,5,1,1,1,0,1,4(1),0.0,RECOMMEND_REJECT,1,LOW,Non-divisible wholesale order [4] contradicts suggested pack multiple 5. Maintain safe default 1.
04613,650- SUDARSHAN CHAKKAR ANIL ( 6 P) 1P,PKT,1,1,4,4,0,4,2(1)|5(2)|10(1),100.0,RECOMMEND_APPROVE,1,MEDIUM,Historical sales across 4 customers confirm single/loose billing (100% divisible by 1). Retain approved override.
04615,652- MASKA CHASKA I. N ( 5 P ),PKT,5,1,5,5,0,5,3(1)|5(4),80.0,RECOMMEND_REJECT,1,HIGH,Wholesale dispatches contradict multiple 5 (80.0% div; non-divisible qtys [3]). Product is sold loose/unconstrained.
04616,653- GIANT WHEEL AYYAN (5 PCS) (1P) BIG,PKT,1,1,4,4,0,4,1(1)|2(1)|5(2),100.0,RECOMMEND_APPROVE,1,MEDIUM,Historical sales across 4 customers confirm single/loose billing (100% divisible by 1). Retain approved override.
04618,655- MUSICAL WHEEL MERCURY (5 PCS) ( 2 P,PKT,5,1,10,10,0,10,2(2)|5(3)|6(2)|10(2)|16(1),50.0,RECOMMEND_REJECT,1,HIGH,"Wholesale dispatches contradict multiple 5 (50.0% div; non-divisible qtys [16, 6, 2]). Product is sold loose/unconstrained."
04619,656- WHISTLING WHEEL COCK (5 PCS) (10P),PKT,5,1,9,9,0,9,5(2)|10(5)|20(2),100.0,RECOMMEND_APPROVE,5,HIGH,100.0% of wholesale orders across 9 customers are divisible by suggested multiple 5. Empirical sales support enforcement.
04620,657- WHIZZ WHEEL S.T.D (5 PCS) (10P),PKT,5,1,0,0,0,0,NONE,0.0,INSUFFICIENT_HISTORY,1,NONE,Zero sales transactions in D2627. Maintain safe unconstrained ordering (enforced=1) until sales data is recorded.
04621,658- TITANIC WHEEL DURGESH ( 5P),PKT,5,1,5,5,0,5,5(3)|20(2),100.0,RECOMMEND_APPROVE,5,HIGH,100.0% of wholesale orders across 5 customers are divisible by suggested multiple 5. Empirical sales support enforcement.
04622,659- TOP TUCKER AYYAN ( 5 P),PKT,5,1,1,1,0,1,10(1),100.0,INSUFFICIENT_HISTORY,1,LOW,"Low volume in D2627 (1 line(s), 1 customer(s)). Insufficient multi-customer history to confirm wholesale multiple; retain safe default 1."
04625,662- SKY  WHEEL AYYAN (5 PCS) (1P),PKT,1,1,3,3,0,3,1(2)|3(1),100.0,RECOMMEND_APPROVE,1,MEDIUM,Historical sales across 3 customers confirm single/loose billing (100% divisible by 1). Retain approved override.
04626,663- SPINNER BAMBARA LAVANYA ( 10 P ),PKT,10,1,5,5,0,5,2(1)|4(1)|5(2)|20(1),20.0,RECOMMEND_REJECT,1,HIGH,"Wholesale dispatches contradict multiple 10 (20.0% div; non-divisible qtys [5, 5, 2]). Product is sold loose/unconstrained."
04627,664- LOTUS WHEEL (5 PCS) AYYAN,PKT,5,1,4,4,0,4,2(1)|5(3),75.0,RECOMMEND_REJECT,1,MEDIUM,Wholesale dispatches contradict multiple 5 (75.0% div; non-divisible qtys [2]). Product is sold loose/unconstrained.
04628,665- STAR WHEEL (10 PCS) AYYAN,PKT,10,1,1,1,0,1,5(1),0.0,RECOMMEND_REJECT,1,LOW,Non-divisible wholesale order [5] contradicts suggested pack multiple 10. Maintain safe default 1.
04634,673- ROCKET BOMB (10P) 5P S.T.D,PKT,5,1,0,0,0,0,NONE,0.0,INSUFFICIENT_HISTORY,1,NONE,Zero sales transactions in D2627. Maintain safe unconstrained ordering (enforced=1) until sales data is recorded.
04636,675- SILVER ROCKET(10P)5P AYYANAR,PKT,5,1,3,3,0,3,10(2)|30(1),100.0,RECOMMEND_APPROVE,5,MEDIUM,100.0% of wholesale orders across 3 customers are divisible by suggested multiple 5. Empirical sales support enforcement.
04639,678- LUNIK ROCKET (10 P) 2P T/MEENA,PKT,2,1,10,10,0,10,6(3)|10(4)|16(1)|20(2),100.0,RECOMMEND_APPROVE,2,HIGH,100.0% of wholesale orders across 10 customers are divisible by suggested multiple 2. Empirical sales support enforcement.
04640,679- EXPO ROCKET (10 P) 2P GANESH,PKT,2,1,2,2,0,2,6(1)|10(1),100.0,INSUFFICIENT_HISTORY,1,LOW,"Low volume in D2627 (2 line(s), 2 customer(s)). Insufficient multi-customer history to confirm wholesale multiple; retain safe default 1."
04641,680- LUNIK ROCKET (10 P) 2P MERCURY,PKT,2,1,6,6,0,6,4(3)|6(1)|10(1)|20(1),100.0,RECOMMEND_APPROVE,2,HIGH,100.0% of wholesale orders across 6 customers are divisible by suggested multiple 2. Empirical sales support enforcement.
04643,682- LUNIK ROCKET (10 P) 2P AYYANAR,PKT,2,1,2,2,0,2,10(1)|20(1),100.0,INSUFFICIENT_HISTORY,1,LOW,"Low volume in D2627 (2 line(s), 2 customer(s)). Insufficient multi-customer history to confirm wholesale multiple; retain safe default 1."
04646,685- 2 SOUND ROCKET (10 P) 2P T/MEENA,PKT,2,1,12,12,0,12,4(4)|6(3)|10(4)|20(1),100.0,RECOMMEND_APPROVE,2,HIGH,100.0% of wholesale orders across 12 customers are divisible by suggested multiple 2. Empirical sales support enforcement.
04647,686- 2 SOUND ROCKET (10 P) 2P AYYANAR,PKT,2,1,5,5,0,5,2(2)|4(1)|6(1)|10(1),100.0,RECOMMEND_APPROVE,2,HIGH,100.0% of wholesale orders across 5 customers are divisible by suggested multiple 2. Empirical sales support enforcement.
04649,688- 2 SOUND ROCKET (10 P) 2P GANESH,PKT,2,1,6,6,0,6,2(2)|4(1)|6(1)|8(1)|10(1),100.0,RECOMMEND_APPROVE,2,HIGH,100.0% of wholesale orders across 6 customers are divisible by suggested multiple 2. Empirical sales support enforcement.
04650,689- 2 SOUND ROCKET (10 P) 2P MERCURY,PKT,2,1,0,0,0,0,NONE,0.0,INSUFFICIENT_HISTORY,1,NONE,Zero sales transactions in D2627. Maintain safe unconstrained ordering (enforced=1) until sales data is recorded.
04679,724- 15 CM PENCIL VIRBALAJI ( 10 P ),PKT,10,1,8,8,0,8,10(8),100.0,RECOMMEND_APPROVE,10,HIGH,100.0% of wholesale orders across 8 customers are divisible by suggested multiple 10. Empirical sales support enforcement.
04680,725- 18 CM PENCIL VIRBALAJI ( 10 P ),PKT,10,1,6,6,0,6,5(5)|10(1),16.7,RECOMMEND_CHANGE,5,HIGH,"Wholesale orders fail suggested multiple 10 (16.7% div), but 100% match alternate pack multiple 5 across 6 customers."
04684,729- MULTI COLOUR CANDLE S.T.D (10P) 5P,PKT,5,1,4,4,0,4,5(2)|10(1)|15(1),100.0,RECOMMEND_APPROVE,5,MEDIUM,100.0% of wholesale orders across 4 customers are divisible by suggested multiple 5. Empirical sales support enforcement.
04685,730- WHISTLING PIPER SONY ( 5 P ),PKT,5,1,6,6,0,6,2(3)|5(3),50.0,RECOMMEND_REJECT,1,HIGH,"Wholesale dispatches contradict multiple 5 (50.0% div; non-divisible qtys [2, 2, 2]). Product is sold loose/unconstrained."
04687,732- HAND SHOWER MARIESWARAN ( 3 P ),PKT,3,1,7,7,0,7,2(5)|5(2),0.0,RECOMMEND_REJECT,1,HIGH,"Wholesale dispatches contradict multiple 3 (0.0% div; non-divisible qtys [5, 2, 2]). Product is sold loose/unconstrained."
04910,1008- 18 HAND SHOT ( 2 PCS ) M.INDIA,BOX,2,1,3,3,0,3,2(2)|4(1),100.0,RECOMMEND_APPROVE,2,MEDIUM,100.0% of wholesale orders across 3 customers are divisible by suggested multiple 2. Empirical sales support enforcement.
04914,1012- 5 KA DHUM ( 5 P) ANIL,BOX,5,1,4,4,0,4,3(1)|5(2)|10(1),75.0,RECOMMEND_REJECT,1,MEDIUM,Wholesale dispatches contradict multiple 5 (75.0% div; non-divisible qtys [3]). Product is sold loose/unconstrained.
04915,1013- SKY SHOT (10 P ) COCK,BOX,10,1,10,10,0,10,5(3)|10(6)|40(1),70.0,RECOMMEND_CHANGE,5,HIGH,"Wholesale orders fail suggested multiple 10 (70.0% div), but 100% match alternate pack multiple 5 across 10 customers."
04918,1016- TOP-TEN ( 10 P ) COCK,BOX,10,1,5,5,0,5,1(2)|2(2)|3(1),0.0,RECOMMEND_REJECT,1,HIGH,"Wholesale dispatches contradict multiple 10 (0.0% div; non-divisible qtys [3, 1, 1]). Product is sold loose/unconstrained."
04924,1022- 2 1/2 F. P. (3P)6COL MIX W THUNIVU,BOX,3,1,9,9,0,9,2(2)|3(3)|4(1)|5(2)|12(1),44.4,RECOMMEND_REJECT,1,HIGH,"Wholesale dispatches contradict multiple 3 (44.4% div; non-divisible qtys [5, 5, 2]). Product is sold loose/unconstrained."
04925,1023- 2 1/2 F. P. (3P)6COL MIX U BALAJI,BOX,3,1,10,10,0,10,2(3)|3(3)|4(1)|5(2)|12(1),40.0,RECOMMEND_REJECT,1,HIGH,"Wholesale dispatches contradict multiple 3 (40.0% div; non-divisible qtys [5, 5, 2]). Product is sold loose/unconstrained."
04926,1024- 2 1/2 F. P. (2P)6COL MIX U,BOX,2,1,0,0,0,0,NONE,0.0,INSUFFICIENT_HISTORY,1,NONE,Zero sales transactions in D2627. Maintain safe unconstrained ordering (enforced=1) until sales data is recorded.
04927,1025- 2 1/2 F. P. (3PCS) MIX COL AYYANAR,BOX,3,1,9,9,0,9,2(2)|3(3)|4(1)|5(1)|10(1)|30(1),44.4,RECOMMEND_REJECT,1,HIGH,"Wholesale dispatches contradict multiple 3 (44.4% div; non-divisible qtys [10, 4, 2]). Product is sold loose/unconstrained."
04928,1026- 3 FANCY PIPE (2 PCS) SONY,BOX,2,1,0,0,0,0,NONE,0.0,INSUFFICIENT_HISTORY,1,NONE,Zero sales transactions in D2627. Maintain safe unconstrained ordering (enforced=1) until sales data is recorded.
04929,1027- 2 1/2 F. P. (3P)MIX COL 7 STEP I.N,BOX,3,1,3,3,0,3,1(1)|2(2),0.0,RECOMMEND_REJECT,1,MEDIUM,"Wholesale dispatches contradict multiple 3 (0.0% div; non-divisible qtys [2, 2, 1]). Product is sold loose/unconstrained."
04930,1028- 2 1/2 F. P. (3P)3 IN 1 BLOSSOM COC,BOX,3,1,4,4,0,4,1(1)|2(1)|5(1)|10(1),0.0,RECOMMEND_REJECT,1,MEDIUM,"Wholesale dispatches contradict multiple 3 (0.0% div; non-divisible qtys [10, 5, 2]). Product is sold loose/unconstrained."
04931,1029- PARACHUTE NIGHTOUT ( 3 P ) COCK,BOX,3,1,7,7,0,7,1(4)|2(2)|5(1),0.0,RECOMMEND_REJECT,1,HIGH,"Wholesale dispatches contradict multiple 3 (0.0% div; non-divisible qtys [2, 5, 2]). Product is sold loose/unconstrained."
04932,1030- 2 1/2 F. P.LONG(3P)MIX COL.MERCURY,BOX,3,1,6,6,0,6,1(3)|2(1)|4(1)|5(1),0.0,RECOMMEND_REJECT,1,HIGH,"Wholesale dispatches contradict multiple 3 (0.0% div; non-divisible qtys [1, 4, 2]). Product is sold loose/unconstrained."
04941,1039- 3  FANCY PIPE (2P) MIX COL MERCURY,BOX,2,1,4,4,0,4,1(2)|2(2),50.0,RECOMMEND_REJECT,1,MEDIUM,"Wholesale dispatches contradict multiple 2 (50.0% div; non-divisible qtys [1, 1]). Product is sold loose/unconstrained."
04942,1040- 3  FANCY PIPE (3P) MIX COL MERCURY,BOX,3,1,7,7,0,7,1(7),0.0,RECOMMEND_REJECT,1,HIGH,"Wholesale dispatches contradict multiple 3 (0.0% div; non-divisible qtys [1, 1, 1]). Product is sold loose/unconstrained."
05004,1115- PUBG GUN ( 5 P X 1 PKT )T PANDYAN,BOX,5,1,2,2,0,2,5(1)|10(1),100.0,INSUFFICIENT_HISTORY,1,LOW,"Low volume in D2627 (2 line(s), 2 customer(s)). Insufficient multi-customer history to confirm wholesale multiple; retain safe default 1."
05020,1133- COLD PYRO BLACK R.R.R ( 10 P),BOX,10,1,0,0,0,0,NONE,0.0,INSUFFICIENT_HISTORY,1,NONE,Zero sales transactions in D2627. Maintain safe unconstrained ordering (enforced=1) until sales data is recorded.
05021,1134- COLD PYRO YELLO BOX TAIWIN( 10 P),BOX,10,1,0,0,0,0,NONE,0.0,INSUFFICIENT_HISTORY,1,NONE,Zero sales transactions in D2627. Maintain safe unconstrained ordering (enforced=1) until sales data is recorded.
05023,1136- NAAGARA FALLS ( 25 PCS) P.G,BOX,25,1,0,0,0,0,NONE,0.0,INSUFFICIENT_HISTORY,1,NONE,Zero sales transactions in D2627. Maintain safe unconstrained ordering (enforced=1) until sales data is recorded.
05402,513- FLOWER POTS SUP DLX (2 P)SUPER,PKT,2,1,7,7,0,7,5(4)|10(3),42.9,RECOMMEND_CHANGE,5,HIGH,"Wholesale orders fail suggested multiple 2 (42.9% div), but 100% match alternate pack multiple 5 across 7 customers."
05403,514- FLOWER POTS SUP DLX (2 P) GOVINDA,PKT,2,1,7,7,0,7,5(5)|10(1)|30(1),28.6,RECOMMEND_CHANGE,5,HIGH,"Wholesale orders fail suggested multiple 2 (28.6% div), but 100% match alternate pack multiple 5 across 7 customers."
05404,515- FLOWER POTS RANG BARAAT (2 P)COCK,PKT,2,1,5,5,0,5,1(1)|2(3)|4(1),80.0,RECOMMEND_REJECT,1,HIGH,Wholesale dispatches contradict multiple 2 (80.0% div; non-divisible qtys [1]). Product is sold loose/unconstrained.
05426,692- 3 SOUND ROCKET (10 P) 2P T/MEENA,PKT,2,1,8,8,0,8,4(3)|6(3)|10(1)|20(1),100.0,RECOMMEND_APPROVE,2,HIGH,100.0% of wholesale orders across 8 customers are divisible by suggested multiple 2. Empirical sales support enforcement.
05427,693- 3 SOUND ROCKET (10 P) 2P AYYANAR,PKT,2,1,2,2,0,2,2(1)|6(1),100.0,INSUFFICIENT_HISTORY,1,LOW,"Low volume in D2627 (2 line(s), 2 customer(s)). Insufficient multi-customer history to confirm wholesale multiple; retain safe default 1."
05428,694- 3 SOUND ROCKET (10 P) 2P GANESH,PKT,2,1,5,5,0,5,2(3)|4(2),100.0,RECOMMEND_APPROVE,2,HIGH,100.0% of wholesale orders across 5 customers are divisible by suggested multiple 2. Empirical sales support enforcement.
05459,"1051- 4""  F. P.(2P) 3 COL. MIXED MERCURY",BOX,2,1,0,0,0,0,NONE,0.0,INSUFFICIENT_HISTORY,1,NONE,Zero sales transactions in D2627. Maintain safe unconstrained ordering (enforced=1) until sales data is recorded.
05460,"1052- 4""  F. P.(2P) 8 COL MIX UV BOX I.N",BOX,2,1,1,1,0,1,1(1),0.0,RECOMMEND_REJECT,1,LOW,Non-divisible wholesale order [1] contradicts suggested pack multiple 2. Maintain safe default 1.
05461,"1053- 4""  DLX F.P.(2P) 12 COL.MIXED SONY",BOX,2,1,0,0,0,0,NONE,0.0,INSUFFICIENT_HISTORY,1,NONE,Zero sales transactions in D2627. Maintain safe unconstrained ordering (enforced=1) until sales data is recorded.
05462,"1054- 4""  F.P.(2P)DOUBLE BALL UV.BOX I.N",BOX,2,1,0,0,0,0,NONE,0.0,INSUFFICIENT_HISTORY,1,NONE,Zero sales transactions in D2627. Maintain safe unconstrained ordering (enforced=1) until sales data is recorded.
05933,W 1000 LAR (800 COUNTING) S.K.M,BOX,1,1,0,0,0,0,NONE,0.0,INSUFFICIENT_HISTORY,1,NONE,Zero sales transactions in D2627. Retain currently approved multiple 1 based on catalog specification; observe during seasonal peak.
05950,W COL SMOKE DHUA  COL (5 P) SUP.KING,BOX,5,1,7,6,0,7,1(1)|2(1)|5(1)|10(2)|54(1)|108(1),42.9,RECOMMEND_REJECT,1,HIGH,"Wholesale dispatches contradict multiple 5 (42.9% div; non-divisible qtys [2, 54, 1]). Product is sold loose/unconstrained."
05953,W 4 F. PIPE (2 PCS)  I. N.,BOX,2,1,0,0,0,0,NONE,0.0,INSUFFICIENT_HISTORY,1,NONE,Zero sales transactions in D2627. Maintain safe unconstrained ordering (enforced=1) until sales data is recorded.
06048,W TOP- TEN ( 10 P ) COCK,BOX,10,1,0,0,0,0,NONE,0.0,INSUFFICIENT_HISTORY,1,NONE,Zero sales transactions in D2627. Maintain safe unconstrained ordering (enforced=1) until sales data is recorded.
06049,W 1 1/4 POGO MIXED ( 10 P) 2 PCS AYYAN,BOX,10,1,1,1,0,1,1(1),0.0,RECOMMEND_REJECT,1,LOW,Non-divisible wholesale order [1] contradicts suggested pack multiple 10. Maintain safe default 1.
06053,W 2 1/2 F PIPE MIX UV BOX ( 3 P),BOX,3,1,1,1,0,1,36(1),100.0,INSUFFICIENT_HISTORY,1,LOW,"Low volume in D2627 (1 line(s), 1 customer(s)). Insufficient multi-customer history to confirm wholesale multiple; retain safe default 1."
06054,W 2 1/2 F PIPE  BALAJI ( 3 P),BOX,3,1,5,3,0,5,2(1)|5(1)|9(1)|10(2),20.0,RECOMMEND_REJECT,1,MEDIUM,"Wholesale dispatches contradict multiple 3 (20.0% div; non-divisible qtys [10, 2, 5]). Product is sold loose/unconstrained."
06056,W 2 1/2 F PIPE MEGAL ( 3 P ) MERCURY,BOX,3,1,0,0,0,0,NONE,0.0,INSUFFICIENT_HISTORY,1,NONE,Zero sales transactions in D2627. Maintain safe unconstrained ordering (enforced=1) until sales data is recorded.
06057,W 3 F PIPE LIGHT AND HOT MIX ( 2P )AN,BOX,2,1,0,0,0,0,NONE,0.0,INSUFFICIENT_HISTORY,1,NONE,Zero sales transactions in D2627. Maintain safe unconstrained ordering (enforced=1) until sales data is recorded.
06058,W 3 F PIPE BIG SIZZ MIXD ( 2P ) MERCU,BOX,2,1,1,1,0,1,1(1),0.0,RECOMMEND_REJECT,1,LOW,Non-divisible wholesale order [1] contradicts suggested pack multiple 2. Maintain safe default 1.
06068,W 3 1/2 F P DOUBLE BALL (2 P) SONY,BOX,2,1,0,0,0,0,NONE,0.0,INSUFFICIENT_HISTORY,1,NONE,Zero sales transactions in D2627. Maintain safe unconstrained ordering (enforced=1) until sales data is recorded.
06072,W 4 F P 3 COL MIXED ( 2 P) W MERCURY,BOX,2,1,1,1,0,1,1(1),0.0,RECOMMEND_REJECT,1,LOW,Non-divisible wholesale order [1] contradicts suggested pack multiple 2. Maintain safe default 1.
06073,W 4 F P 3 COL MIXED ( 2 P) W  I.N,BOX,2,1,0,0,0,0,NONE,0.0,INSUFFICIENT_HISTORY,1,NONE,Zero sales transactions in D2627. Maintain safe unconstrained ordering (enforced=1) until sales data is recorded.
06074,W 4 F P DLX 15 COL MIXED ( 2 P)  SONY,BOX,2,1,1,1,0,1,1(1),0.0,RECOMMEND_REJECT,1,LOW,Non-divisible wholesale order [1] contradicts suggested pack multiple 2. Maintain safe default 1.
06092,W 7 SHOT ( 10 P ) MERCURY,BOX,10,1,0,0,0,0,NONE,0.0,INSUFFICIENT_HISTORY,1,NONE,Zero sales transactions in D2627. Maintain safe unconstrained ordering (enforced=1) until sales data is recorded.
06098,"W 2 1/2"" F. PIPE 2 IN 1 ( 2 P )CORNATION",BOX,2,1,1,1,0,1,5(1),0.0,RECOMMEND_REJECT,1,LOW,Non-divisible wholesale order [5] contradicts suggested pack multiple 2. Maintain safe default 1.
06099,W 18 SHOT ROMANCANDLE ( 2P),BOX,2,1,5,5,0,5,2(3)|4(1)|5(1),80.0,RECOMMEND_REJECT,1,HIGH,Wholesale dispatches contradict multiple 2 (80.0% div; non-divisible qtys [5]). Product is sold loose/unconstrained.
06106,W 5000 LAR (600) COUNTING SANTHANMARI,BOX,1,1,0,0,0,0,NONE,0.0,INSUFFICIENT_HISTORY,1,NONE,Zero sales transactions in D2627. Retain currently approved multiple 1 based on catalog specification; observe during seasonal peak.
06134,W COLD PYRO R&G BOX 3.M.35.S (6P),BOX,6,1,3,3,0,3,12(2)|30(1),100.0,RECOMMEND_APPROVE,6,MEDIUM,100.0% of wholesale orders across 3 customers are divisible by suggested multiple 6. Empirical sales support enforcement.
06135,W COLD PYRO YELLO BOX 3.M.30.S(10P),BOX,10,1,4,3,0,4,20(2)|30(2),100.0,RECOMMEND_APPROVE,10,MEDIUM,100.0% of wholesale orders across 3 customers are divisible by suggested multiple 10. Empirical sales support enforcement.
06156,W 2 1/2 F PIPE  MIX BIG  ( 3 P),BOX,3,1,5,5,0,5,2(1)|3(4),80.0,RECOMMEND_REJECT,1,HIGH,Wholesale dispatches contradict multiple 3 (80.0% div; non-divisible qtys [2]). Product is sold loose/unconstrained.
06157,W COLD PYRO BOX 3.M.35.S (6P),BOX,6,1,2,1,0,2,30(1)|36(1),100.0,INSUFFICIENT_HISTORY,1,LOW,"Low volume in D2627 (2 line(s), 1 customer(s)). Insufficient multi-customer history to confirm wholesale multiple; retain safe default 1."
06171,129- KIT-KAT(10 P)YUVA,PKT,10,1,11,11,0,11,10(1)|20(1)|50(2)|100(3)|150(2)|200(1)|500(1),100.0,RECOMMEND_APPROVE,10,HIGH,100.0% of wholesale orders across 11 customers are divisible by suggested multiple 10. Empirical sales support enforcement.
06173,131- KIT-KAT (10 P) RAJHARISH,PKT,10,1,9,9,0,9,10(1)|20(1)|30(2)|50(3)|100(2),100.0,RECOMMEND_APPROVE,10,HIGH,100.0% of wholesale orders across 9 customers are divisible by suggested multiple 10. Empirical sales support enforcement.
06174,132- KIT-KAT(10 P)U.V.BOX VETRI,PKT,10,1,10,10,0,10,10(1)|20(1)|30(2)|40(2)|50(2)|60(1)|100(1),100.0,RECOMMEND_APPROVE,10,HIGH,100.0% of wholesale orders across 10 customers are divisible by suggested multiple 10. Empirical sales support enforcement.
06175,133- KIT-KAT BIG(10 P)TIRUMINIK,PKT,10,1,1,1,0,1,100(1),100.0,INSUFFICIENT_HISTORY,1,LOW,"Low volume in D2627 (1 line(s), 1 customer(s)). Insufficient multi-customer history to confirm wholesale multiple; retain safe default 1."
